root,total_frequency,meccan_frequency,medinan_frequency,meccan_ratio,medinan_ratio,semantic_category,root_arabic
Alh,2851,1092,1759,0.38302350052613116,0.6169764994738688,uncategorized,اله
qwl,1722,1248,474,0.7247386759581882,0.27526132404181186,communication,قول
kwn,1390,920,470,0.6618705035971223,0.3381294964028777,creation_nature,كون
rbb,980,762,218,0.7775510204081633,0.22244897959183674,uncategorized,ربب
Amn,879,379,500,0.4311717861205916,0.5688282138794084,uncategorized,امن
Elm,854,495,359,0.5796252927400468,0.4203747072599532,divine_attributes,علم
qwm,660,454,206,0.6878787878787879,0.31212121212121213,uncategorized,قوم
Aty,549,339,210,0.6174863387978142,0.3825136612021858,uncategorized,اتي
kfr,525,233,292,0.4438095238095238,0.5561904761904762,faith_belief,كفر
byn,523,304,219,0.5812619502868069,0.4187380497131931,uncategorized,بين
$yA,519,312,207,0.6011560693641619,0.3988439306358382,uncategorized,شيا
rsl,513,276,237,0.5380116959064327,0.4619883040935672,uncategorized,رسل
ArD,461,326,135,0.7071583514099783,0.2928416485900217,uncategorized,ارض
ywm,405,293,112,0.7234567901234568,0.2765432098765432,time_temporal,يوم
Ayy,382,289,93,0.756544502617801,0.24345549738219896,uncategorized,ايي
smw,381,268,113,0.7034120734908137,0.29658792650918636,natural_elements,سمو
kll,377,242,135,0.6419098143236074,0.35809018567639256,uncategorized,كلل
E*b,373,232,141,0.6219839142091153,0.3780160857908847,uncategorized,عذب
Eml,360,220,140,0.6111111111111112,0.3888888888888889,uncategorized,عمل
jEl,346,268,78,0.7745664739884393,0.2254335260115607,creation_nature,جعل
rHm,339,226,113,0.6666666666666666,0.3333333333333333,divine_attributes,رحم
rAy,328,242,86,0.7378048780487805,0.2621951219512195,uncategorized,راي
ktb,319,155,164,0.48589341692789967,0.5141065830721003,books_revelation,كتب
hdy,316,206,110,0.6518987341772152,0.34810126582278483,uncategorized,هدي
Zlm,315,211,104,0.6698412698412698,0.33015873015873015,social_justice,ظلم
nfs,298,163,135,0.5469798657718121,0.45302013422818793,uncategorized,نفس
qbl,294,185,109,0.6292517006802721,0.3707482993197279,uncategorized,قبل
nzl,293,165,128,0.5631399317406144,0.43686006825938567,books_revelation,نزل
*kr,292,216,76,0.7397260273972602,0.2602739726027397,worship_ritual,ذكر
Hqq,287,192,95,0.6689895470383276,0.3310104529616725,social_justice,حقق
k*b,282,211,71,0.74822695035461,0.25177304964539005,moral_conduct,كذب
jyA,278,208,70,0.7482014388489209,0.2517985611510791,uncategorized,جيا
Ebd,275,227,48,0.8254545454545454,0.17454545454545456,worship_ritual,عبد
Ax*,273,171,102,0.6263736263736264,0.37362637362637363,uncategorized,اخذ
xlq,261,215,46,0.8237547892720306,0.17624521072796934,creation_nature,خلق
wqy,258,116,142,0.4496124031007752,0.5503875968992248,uncategorized,وقي
Axr,250,153,97,0.612,0.388,uncategorized,اخر
Amr,248,153,95,0.6169354838709677,0.38306451612903225,uncategorized,امر
nws,241,119,122,0.49377593360995853,0.5062240663900415,uncategorized,نوس
bEd,235,130,105,0.5531914893617021,0.44680851063829785,uncategorized,بعد
gfr,234,99,135,0.4230769230769231,0.5769230769230769,divine_attributes,غفر
wly,232,100,132,0.43103448275862066,0.5689655172413793,uncategorized,ولي
dEw,212,167,45,0.7877358490566038,0.21226415094339623,worship_ritual,دعو
Hkm,210,93,117,0.44285714285714284,0.5571428571428572,divine_attributes,حكم
mlk,206,122,84,0.5922330097087378,0.4077669902912621,uncategorized,ملك
End,201,109,92,0.5422885572139303,0.4577114427860697,uncategorized,عند
jnn,201,137,64,0.681592039800995,0.31840796019900497,uncategorized,جنن
xyr,196,103,93,0.5255102040816326,0.4744897959183674,uncategorized,خير
nwr,194,97,97,0.5,0.5,natural_elements,نور
Hsn,194,121,73,0.6237113402061856,0.37628865979381443,uncategorized,حسن
Dll,191,141,50,0.7382198952879581,0.2617801047120419,uncategorized,ضلل
smE,185,115,70,0.6216216216216216,0.3783783783783784,uncategorized,سمع
Hyy,184,122,62,0.6630434782608695,0.33695652173913043,uncategorized,حيي
bny,184,101,83,0.5489130434782609,0.45108695652173914,uncategorized,بني
xrj,182,102,80,0.5604395604395604,0.43956043956043955,creation_nature,خرج
SlH,180,113,67,0.6277777777777778,0.37222222222222223,social_justice,صلح
sbl,176,75,101,0.42613636363636365,0.5738636363636364,uncategorized,سبل
tbE,172,112,60,0.6511627906976745,0.3488372093023256,uncategorized,تبع
Awl,170,118,52,0.6941176470588235,0.3058823529411765,uncategorized,اول
qtl,170,37,133,0.21764705882352942,0.7823529411764706,uncategorized,قتل
mvl,169,103,66,0.6094674556213018,0.3905325443786982,uncategorized,مثل
qlb,168,58,110,0.34523809523809523,0.6547619047619048,uncategorized,قلب
$rk,168,117,51,0.6964285714285714,0.30357142857142855,faith_belief,شرك
swA,167,111,56,0.6646706586826348,0.33532934131736525,uncategorized,سوا
kvr,167,103,64,0.6167664670658682,0.38323353293413176,uncategorized,كثر
mwt,165,99,66,0.6,0.4,uncategorized,موت
kbr,161,123,38,0.7639751552795031,0.2360248447204969,uncategorized,كبر
$hd,160,72,88,0.45,0.55,uncategorized,شهد
nbA,160,71,89,0.44375,0.55625,uncategorized,نبا
nSr,158,66,92,0.4177215189873418,0.5822784810126582,uncategorized,نصر
bED,158,77,81,0.4873417721518987,0.5126582278481012,uncategorized,بعض
Sdq,155,79,76,0.5096774193548387,0.49032258064516127,moral_conduct,صدق
gyr,154,94,60,0.6103896103896104,0.38961038961038963,uncategorized,غير
wEd,151,116,35,0.7682119205298014,0.23178807947019867,uncategorized,وعد
bSr,148,109,39,0.7364864864864865,0.2635135135135135,uncategorized,بصر
rwd,148,78,70,0.527027027027027,0.47297297297297297,uncategorized,رود
lqy,146,110,36,0.7534246575342466,0.2465753424657534,uncategorized,لقي
dwn,144,109,35,0.7569444444444444,0.24305555555555555,uncategorized,دون
nEm,140,90,50,0.6428571428571429,0.35714285714285715,uncategorized,نعم
slm,140,83,57,0.5928571428571429,0.40714285714285714,uncategorized,سلم
dnw,133,72,61,0.5413533834586466,0.45864661654135336,uncategorized,دنو
qdr,132,86,46,0.6515151515151515,0.3484848484848485,divine_attributes,قدر
n*r,130,113,17,0.8692307692307693,0.13076923076923078,communication,نذر
nZr,129,99,30,0.7674418604651163,0.23255813953488372,uncategorized,نظر
jmE,129,84,45,0.6511627906976745,0.3488372093023256,uncategorized,جمع
TwE,129,56,73,0.43410852713178294,0.5658914728682171,uncategorized,طوع
sAl,129,89,40,0.689922480620155,0.31007751937984496,uncategorized,سال
EZm,128,60,68,0.46875,0.53125,uncategorized,عظم
Ahl,127,74,53,0.5826771653543307,0.41732283464566927,family_relations,اهل
xlf,127,82,45,0.6456692913385826,0.3543307086614173,uncategorized,خلف
dxl,126,61,65,0.48412698412698413,0.5158730158730159,movement_direction,دخل
xwf,124,77,47,0.6209677419354839,0.3790322580645161,emotions_states,خوف
b$r,123,86,37,0.6991869918699187,0.3008130081300813,communication,بشر
rzq,123,80,43,0.6504065040650406,0.34959349593495936,uncategorized,رزق
ydy,120,59,61,0.49166666666666664,0.5083333333333333,uncategorized,يدي
Amm,119,82,37,0.6890756302521008,0.31092436974789917,uncategorized,امم
Ezz,119,71,48,0.5966386554621849,0.40336134453781514,divine_attributes,عزز
jzy,118,89,29,0.7542372881355932,0.2457627118644068,uncategorized,جزي
Abw,117,93,24,0.7948717948717948,0.20512820512820512,uncategorized,ابو
nhr,113,65,48,0.5752212389380531,0.4247787610619469,uncategorized,نهر
nfq,111,13,98,0.11711711711711711,0.8828828828828829,commerce_economics,نفق
Hsb,109,54,55,0.4954128440366973,0.5045871559633027,uncategorized,حسب
Akl,109,66,43,0.6055045871559633,0.3944954128440367,uncategorized,اكل
fEl,108,63,45,0.5833333333333334,0.4166666666666667,uncategorized,فعل
Ajr,108,60,48,0.5555555555555556,0.4444444444444444,uncategorized,اجر
wjd,107,59,48,0.5514018691588785,0.4485981308411215,creation_nature,وجد
Edw,106,47,59,0.44339622641509435,0.5566037735849056,uncategorized,عدو
rjE,104,76,28,0.7307692307692307,0.2692307692307692,movement_direction,رجع
fDl,104,42,62,0.40384615384615385,0.5961538461538461,uncategorized,فضل
Sbr,103,71,32,0.6893203883495146,0.3106796116504854,movement_direction,صبر
$dd,102,57,45,0.5588235294117647,0.4411764705882353,uncategorized,شدد
A*n,102,46,56,0.45098039215686275,0.5490196078431373,uncategorized,اذن
wld,102,55,47,0.5392156862745098,0.46078431372549017,family_relations,ولد
dyn,101,49,52,0.48514851485148514,0.5148514851485149,commerce_economics,دين
Slw,99,40,59,0.40404040404040403,0.5959595959595959,worship_ritual,صلو
SHb,97,71,26,0.7319587628865979,0.26804123711340205,uncategorized,صحب
Ans,97,80,17,0.8247422680412371,0.17525773195876287,uncategorized,انس
bgy,96,55,41,0.5729166666666666,0.4270833333333333,uncategorized,بغي
Axw,96,58,38,0.6041666666666666,0.3958333333333333,uncategorized,اخو
qrb,96,50,46,0.5208333333333334,0.4791666666666667,family_relations,قرب
Hbb,95,34,61,0.35789473684210527,0.6421052631578947,emotions_states,حبب
sbH,92,68,24,0.7391304347826086,0.2608695652173913,divine_attributes,سبح
lyl,92,74,18,0.8043478260869565,0.1956521739130435,time_temporal,ليل
sjd,92,54,38,0.5869565217391305,0.41304347826086957,worship_ritual,سجد
lys,89,48,41,0.5393258426966292,0.4606741573033708,uncategorized,ليس
$Tn,88,53,35,0.6022727272727273,0.3977272727272727,uncategorized,شطن
qrA,88,78,10,0.8863636363636364,0.11363636363636363,uncategorized,قرا
xld,87,43,44,0.4942528735632184,0.5057471264367817,uncategorized,خلد
twb,87,23,64,0.26436781609195403,0.735632183908046,uncategorized,توب
mwl,86,32,54,0.37209302325581395,0.627906976744186,uncategorized,مول
AHd,85,47,38,0.5529411764705883,0.4470588235294118,uncategorized,احد
njw,84,67,17,0.7976190476190477,0.20238095238095238,uncategorized,نجو
Hrm,83,35,48,0.42168674698795183,0.5783132530120482,uncategorized,حرم
swy,83,57,26,0.6867469879518072,0.3132530120481928,uncategorized,سوي
kyf,83,61,22,0.7349397590361446,0.26506024096385544,uncategorized,كيف
zwj,81,42,39,0.5185185185185185,0.48148148148148145,family_relations,زوج
Eqb,80,46,34,0.575,0.425,uncategorized,عقب
ErD,79,53,26,0.6708860759493671,0.3291139240506329,uncategorized,عرض
wHy,78,69,9,0.8846153846153846,0.11538461538461539,books_revelation,وحي
wjh,78,44,34,0.5641025641025641,0.4358974358974359,uncategorized,وجه
Swb,77,25,52,0.3246753246753247,0.6753246753246753,uncategorized,صوب
blg,77,49,28,0.6363636363636364,0.36363636363636365,communication,بلغ
qll,76,42,34,0.5526315789473685,0.4473684210526316,uncategorized,قلل
Alm,75,36,39,0.48,0.52,uncategorized,الم
$kr,75,55,20,0.7333333333333333,0.26666666666666666,moral_conduct,شكر
klm,75,46,29,0.6133333333333333,0.38666666666666666,communication,كلم
Drr,74,43,31,0.581081081081081,0.4189189189189189,uncategorized,ضرر
bAs,73,36,37,0.4931506849315068,0.5068493150684932,uncategorized,باس
rDw,73,21,52,0.2876712328767123,0.7123287671232876,emotions_states,رضو
byt,73,28,45,0.3835616438356164,0.6164383561643836,uncategorized,بيت
gny,73,46,27,0.6301369863013698,0.3698630136986301,uncategorized,غني
rjl,73,44,29,0.6027397260273972,0.3972602739726027,uncategorized,رجل
frq,72,30,42,0.4166666666666667,0.5833333333333334,uncategorized,فرق
ymn,71,40,31,0.5633802816901409,0.43661971830985913,uncategorized,يمن
Erf,70,20,50,0.2857142857142857,0.7142857142857143,uncategorized,عرف
wkl,70,44,26,0.6285714285714286,0.37142857142857144,uncategorized,وكل
Elw,70,55,15,0.7857142857142857,0.21428571428571427,uncategorized,علو
mtE,70,43,27,0.6142857142857143,0.38571428571428573,uncategorized,متع
Znn,69,48,21,0.6956521739130435,0.30434782608695654,faith_belief,ظنن
skn,69,39,30,0.5652173913043478,0.43478260869565216,uncategorized,سكن
hlk,68,57,11,0.8382352941176471,0.16176470588235295,uncategorized,هلك
wHd,68,49,19,0.7205882352941176,0.27941176470588236,divine_attributes,وحد
ksb,67,38,29,0.5671641791044776,0.43283582089552236,commerce_economics,كسب
bEv,67,49,18,0.7313432835820896,0.26865671641791045,uncategorized,بعث
jrm,66,60,6,0.9090909090909091,0.09090909090909091,uncategorized,جرم
wfy,66,35,31,0.5303030303030303,0.4696969696969697,uncategorized,وفي
Eyn,65,51,14,0.7846153846153846,0.2153846153846154,uncategorized,عين
xsr,65,46,19,0.7076923076923077,0.2923076923076923,uncategorized,خسر
jry,64,31,33,0.484375,0.515625,uncategorized,جري
Hml,64,41,23,0.640625,0.359375,uncategorized,حمل
tlw,63,36,27,0.5714285714285714,0.42857142857142855,books_revelation,تلو
Ewd,63,51,12,0.8095238095238095,0.19047619047619047,uncategorized,عود
sHr,63,59,4,0.9365079365079365,0.06349206349206349,uncategorized,سحر
qDy,63,49,14,0.7777777777777778,0.2222222222222222,uncategorized,قضي
mwh,63,48,15,0.7619047619047619,0.23809523809523808,uncategorized,موه
Hmd,63,50,13,0.7936507936507936,0.20634920634920634,divine_attributes,حمد
*wq,63,48,15,0.7619047619047619,0.23809523809523808,uncategorized,ذوق
zyd,61,40,21,0.6557377049180327,0.3442622950819672,uncategorized,زيد
mss,61,43,18,0.7049180327868853,0.29508196721311475,uncategorized,مسس
gyb,60,42,18,0.7,0.3,uncategorized,غيب
fry,60,53,7,0.8833333333333333,0.11666666666666667,uncategorized,فري
ftn,60,34,26,0.5666666666666667,0.43333333333333335,uncategorized,فتن
zkw,59,25,34,0.423728813559322,0.576271186440678,worship_ritual,زكو
nsw,59,9,50,0.15254237288135594,0.847457627118644,uncategorized,نسو
rdd,59,35,24,0.5932203389830508,0.4067796610169492,uncategorized,ردد
Zhr,59,33,26,0.559322033898305,0.4406779661016949,uncategorized,ظهر
Drb,58,30,28,0.5172413793103449,0.4827586206896552,uncategorized,ضرب
Edd,57,21,36,0.3684210526315789,0.631578947368421,uncategorized,عدد
qry,57,47,10,0.8245614035087719,0.17543859649122806,uncategorized,قري
rwH,57,45,12,0.7894736842105263,0.21052631578947367,uncategorized,روح
*hb,56,36,20,0.6428571428571429,0.35714285714285715,movement_direction,ذهب
nhy,56,28,28,0.5,0.5,uncategorized,نهي
Ajl,56,39,17,0.6964285714285714,0.30357142857142855,uncategorized,اجل
dwr,55,28,27,0.509090909090909,0.4909090909090909,uncategorized,دور
fsq,54,20,34,0.37037037037037035,0.6296296296296297,uncategorized,فسق
ndw,53,45,8,0.8490566037735849,0.1509433962264151,communication,ندو
DEf,52,25,27,0.4807692307692308,0.5192307692307693,uncategorized,ضعف
xbr,52,24,28,0.46153846153846156,0.5384615384615384,communication,خبر
tHt,51,20,31,0.39215686274509803,0.6078431372549019,uncategorized,تحت
Hll,51,13,38,0.2549019607843137,0.7450980392156863,uncategorized,حلل
nfE,50,32,18,0.64,0.36,uncategorized,نفع
fsd,50,33,17,0.66,0.34,social_justice,فسد
Tyb,50,21,29,0.42,0.58,uncategorized,طيب
swE,49,42,7,0.8571428571428571,0.14285714285714285,uncategorized,سوع
Eql,49,30,19,0.6122448979591837,0.3877551020408163,knowledge_wisdom,عقل
qdm,48,29,19,0.6041666666666666,0.3958333333333333,uncategorized,قدم
TEm,48,26,22,0.5416666666666666,0.4583333333333333,uncategorized,طعم
x$y,48,22,26,0.4583333333333333,0.5416666666666666,uncategorized,خشي
Avm,48,13,35,0.2708333333333333,0.7291666666666666,uncategorized,اثم
krm,47,34,13,0.723404255319149,0.2765957446808511,uncategorized,كرم
Ejl,47,37,10,0.7872340425531915,0.2127659574468085,uncategorized,عجل
Ehd,46,16,30,0.34782608695652173,0.6521739130434783,uncategorized,عهد
Sdr,46,31,15,0.6739130434782609,0.32608695652173914,uncategorized,صدر
zyn,46,32,14,0.6956521739130435,0.30434782608695654,uncategorized,زين
SrT,45,33,12,0.7333333333333333,0.26666666666666666,uncategorized,صرط
SbH,45,34,11,0.7555555555555555,0.24444444444444444,time_temporal,صبح
nsy,45,33,12,0.7333333333333333,0.26666666666666666,uncategorized,نسي
w*r,45,36,9,0.8,0.2,uncategorized,وذر
bdl,44,23,21,0.5227272727272727,0.4772727272727273,uncategorized,بدل
HfZ,44,31,13,0.7045454545454546,0.29545454545454547,books_revelation,حفظ
srr,44,30,14,0.6818181818181818,0.3181818181818182,uncategorized,سرر
dbr,44,28,16,0.6363636363636364,0.36363636363636365,knowledge_wisdom,دبر
ysr,44,27,17,0.6136363636363636,0.38636363636363635,uncategorized,يسر
fwq,43,27,16,0.627906976744186,0.37209302325581395,uncategorized,فوق
H$r,43,34,9,0.7906976744186046,0.20930232558139536,uncategorized,حشر
jwb,43,33,10,0.7674418604651163,0.23255813953488372,uncategorized,جوب
trk,43,24,19,0.5581395348837209,0.4418604651162791,uncategorized,ترك
fSl,43,37,6,0.8604651162790697,0.13953488372093023,uncategorized,فصل
mkr,43,33,10,0.7674418604651163,0.23255813953488372,uncategorized,مكر
sxr,42,33,9,0.7857142857142857,0.21428571428571427,uncategorized,سخر
qwy,42,30,12,0.7142857142857143,0.2857142857142857,uncategorized,قوي
Sdd,42,19,23,0.4523809523809524,0.5476190476190477,uncategorized,صدد
bHr,42,34,8,0.8095238095238095,0.19047619047619047,uncategorized,بحر
Hzn,42,26,16,0.6190476190476191,0.38095238095238093,emotions_states,حزن
jhd,41,11,30,0.2682926829268293,0.7317073170731707,uncategorized,جهد
jbl,41,35,6,0.8536585365853658,0.14634146341463414,natural_elements,جبل
Twf,41,14,27,0.34146341463414637,0.6585365853658537,uncategorized,طوف
krh,41,14,27,0.34146341463414637,0.6585365853658537,uncategorized,كره
lEn,41,11,30,0.2682926829268293,0.7317073170731707,uncategorized,لعن
flH,40,23,17,0.575,0.425,uncategorized,فلح
$Er,40,30,10,0.75,0.25,uncategorized,شعر
mlA,40,38,2,0.95,0.05,uncategorized,ملا
$rb,39,28,11,0.717948717948718,0.28205128205128205,uncategorized,شرب
slT,39,31,8,0.7948717948717948,0.20512820512820512,uncategorized,سلط
*nb,39,22,17,0.5641025641025641,0.4358974358974359,uncategorized,ذنب
Tgy,39,29,10,0.7435897435897436,0.2564102564102564,uncategorized,طغي
blw,38,21,17,0.5526315789473685,0.4473684210526316,uncategorized,بلو
qrr,38,29,9,0.7631578947368421,0.23684210526315788,uncategorized,قرر
mrA,38,24,14,0.631578947368421,0.3684210526315789,uncategorized,مرا
hwy,38,26,12,0.6842105263157895,0.3157894736842105,uncategorized,هوي
*rr,38,25,13,0.6578947368421053,0.34210526315789475,uncategorized,ذرر
ftH,38,24,14,0.631578947368421,0.3684210526315789,uncategorized,فتح
Alw,37,3,34,0.08108108108108109,0.918918918918919,uncategorized,الو
nkr,37,23,14,0.6216216216216216,0.3783783783783784,uncategorized,نكر
sbq,37,30,7,0.8108108108108109,0.1891891891891892,uncategorized,سبق
qTE,36,20,16,0.5555555555555556,0.4444444444444444,uncategorized,قطع
Hdv,36,27,9,0.75,0.25,uncategorized,حدث
qrn,36,34,2,0.9444444444444444,0.05555555555555555,uncategorized,قرن
bTl,36,22,14,0.6111111111111112,0.3888888888888889,uncategorized,بطل
ryb,36,20,16,0.5555555555555556,0.4444444444444444,uncategorized,ريب
Awy,36,19,17,0.5277777777777778,0.4722222222222222,uncategorized,اوي
Any,36,20,16,0.5555555555555556,0.4444444444444444,uncategorized,اني
mrr,35,24,11,0.6857142857142857,0.3142857142857143,uncategorized,مرر
gfl,35,27,8,0.7714285714285715,0.22857142857142856,uncategorized,غفل
Efw,35,6,29,0.17142857142857143,0.8285714285714286,uncategorized,عفو
wrv,35,27,8,0.7714285714285715,0.22857142857142856,uncategorized,ورث
kyd,35,31,4,0.8857142857142857,0.11428571428571428,uncategorized,كيد
Hyn,35,29,6,0.8285714285714286,0.17142857142857143,uncategorized,حين
hzA,34,24,10,0.7058823529411765,0.29411764705882354,uncategorized,هزا
jnH,34,7,27,0.20588235294117646,0.7941176470588235,uncategorized,جنح
xfy,34,19,15,0.5588235294117647,0.4411764705882353,uncategorized,خفي
wvq,34,7,27,0.20588235294117646,0.7941176470588235,uncategorized,وثق
qsm,33,26,7,0.7878787878787878,0.21212121212121213,uncategorized,قسم
jnb,33,20,13,0.6060606060606061,0.3939393939393939,uncategorized,جنب
Emy,33,22,11,0.6666666666666666,0.3333333333333333,uncategorized,عمي
Hjj,33,10,23,0.30303030303030304,0.696969696969697,worship_ritual,حجج
Er$,33,28,5,0.8484848484848485,0.15151515151515152,uncategorized,عرش
Zll,33,26,7,0.7878787878787878,0.21212121212121213,uncategorized,ظلل
kfy,33,14,19,0.42424242424242425,0.5757575757575758,uncategorized,كفي
$ms,33,28,5,0.8484848484848485,0.15151515151515152,natural_elements,شمس
wSy,32,16,16,0.5,0.5,uncategorized,وصي
wry,32,20,12,0.625,0.375,uncategorized,وري
brr,32,18,14,0.5625,0.4375,moral_conduct,برر
mdd,32,25,7,0.78125,0.21875,uncategorized,مدد
vlv,32,14,18,0.4375,0.5625,uncategorized,ثلث
nSb,32,15,17,0.46875,0.53125,uncategorized,نصب
ESy,32,18,14,0.5625,0.4375,uncategorized,عصي
wsE,32,13,19,0.40625,0.59375,uncategorized,وسع
brk,32,28,4,0.875,0.125,uncategorized,برك
$fE,31,23,8,0.7419354838709677,0.25806451612903225,uncategorized,شفع
Hyv,31,15,16,0.4838709677419355,0.5161290322580645,uncategorized,حيث
brA,31,11,20,0.3548387096774194,0.6451612903225806,uncategorized,برا
bdw,31,13,18,0.41935483870967744,0.5806451612903226,uncategorized,بدو
lbv,31,27,4,0.8709677419354839,0.12903225806451613,uncategorized,لبث
glb,31,18,13,0.5806451612903226,0.41935483870967744,uncategorized,غلب
hjr,31,9,22,0.2903225806451613,0.7096774193548387,uncategorized,هجر
$rr,31,19,12,0.6129032258064516,0.3870967741935484,uncategorized,شرر
Thr,31,7,24,0.22580645161290322,0.7741935483870968,uncategorized,طهر
xlS,31,26,5,0.8387096774193549,0.16129032258064516,uncategorized,خلص
qEd,31,12,19,0.3870967741935484,0.6129032258064516,uncategorized,قعد
sEy,30,20,10,0.6666666666666666,0.3333333333333333,uncategorized,سعي
Afk,30,24,6,0.8,0.2,uncategorized,افك
Srf,30,25,5,0.8333333333333334,0.16666666666666666,uncategorized,صرف
qSS,30,23,7,0.7666666666666667,0.23333333333333334,uncategorized,قصص
Anv,30,19,11,0.6333333333333333,0.36666666666666664,uncategorized,انث
Esy,30,15,15,0.5,0.5,uncategorized,عسي
Tyr,29,21,8,0.7241379310344828,0.27586206896551724,uncategorized,طير
vny,29,18,11,0.6206896551724138,0.3793103448275862,uncategorized,ثني
Syr,29,9,20,0.3103448275862069,0.6896551724137931,uncategorized,صير
dry,29,26,3,0.896551724137931,0.10344827586206896,uncategorized,دري
fwz,29,10,19,0.3448275862068966,0.6551724137931034,uncategorized,فوز
wdd,29,10,19,0.3448275862068966,0.6551724137931034,uncategorized,ودد
jnd,29,20,9,0.6896551724137931,0.3103448275862069,uncategorized,جند
g$w,29,22,7,0.7586206896551724,0.2413793103448276,uncategorized,غشو
rfE,29,17,12,0.5862068965517241,0.41379310344827586,uncategorized,رفع
jdl,29,19,10,0.6551724137931034,0.3448275862068966,uncategorized,جدل
HwT,28,18,10,0.6428571428571429,0.35714285714285715,uncategorized,حوط
yqn,28,23,5,0.8214285714285714,0.17857142857142858,faith_belief,يقن
Edl,28,13,15,0.4642857142857143,0.5357142857142857,social_justice,عدل
n$A,28,26,2,0.9285714285714286,0.07142857142857142,uncategorized,نشا
xlw,28,12,16,0.42857142857142855,0.5714285714285714,uncategorized,خلو
vql,28,19,9,0.6785714285714286,0.32142857142857145,uncategorized,ثقل
Abd,28,5,23,0.17857142857142858,0.8214285714285714,uncategorized,ابد
vwb,28,10,18,0.35714285714285715,0.6428571428571429,uncategorized,ثوب
sbE,28,22,6,0.7857142857142857,0.21428571428571427,uncategorized,سبع
rjw,28,20,8,0.7142857142857143,0.2857142857142857,uncategorized,رجو
$qq,28,14,14,0.5,0.5,uncategorized,شقق
wzr,27,26,1,0.9629629629629629,0.037037037037037035,uncategorized,وزر
bwb,27,21,6,0.7777777777777778,0.2222222222222222,uncategorized,بوب
mnn,27,18,9,0.6666666666666666,0.3333333333333333,uncategorized,منن
qmr,27,24,3,0.8888888888888888,0.1111111111111111,natural_elements,قمر
$jr,27,21,6,0.7777777777777778,0.2222222222222222,uncategorized,شجر
grr,27,17,10,0.6296296296296297,0.37037037037037035,uncategorized,غرر
syr,27,22,5,0.8148148148148148,0.18518518518518517,movement_direction,سير
Ejb,27,14,13,0.5185185185185185,0.48148148148148145,uncategorized,عجب
E$r,27,15,12,0.5555555555555556,0.4444444444444444,family_relations,عشر
msk,27,17,10,0.6296296296296297,0.37037037037037035,uncategorized,مسك
jHm,26,20,6,0.7692307692307693,0.23076923076923078,uncategorized,جحم
wDE,26,9,17,0.34615384615384615,0.6538461538461539,uncategorized,وضع
Ejz,26,20,6,0.7692307692307693,0.23076923076923078,uncategorized,عجز
nbt,26,20,6,0.7692307692307693,0.23076923076923078,uncategorized,نبت
xzy,26,14,12,0.5384615384615384,0.46153846153846156,uncategorized,خزي
hwn,26,14,12,0.5384615384615384,0.46153846153846156,uncategorized,هون
bsT,25,16,9,0.64,0.36,uncategorized,بسط
sqy,25,18,7,0.72,0.28,uncategorized,سقي
whb,25,21,4,0.84,0.16,uncategorized,وهب
qsT,25,9,16,0.36,0.64,social_justice,قسط
wEZ,25,11,14,0.44,0.56,uncategorized,وعظ
bTn,25,15,10,0.6,0.4,uncategorized,بطن
Hdd,25,4,21,0.16,0.84,uncategorized,حدد
lsn,25,17,8,0.68,0.32,uncategorized,لسن
flk,25,23,2,0.92,0.08,uncategorized,فلك
Hwl,25,17,8,0.68,0.32,uncategorized,حول
HDr,25,16,9,0.64,0.36,uncategorized,حضر
Sly,25,20,5,0.8,0.2,uncategorized,صلي
$ry,25,4,21,0.16,0.84,uncategorized,شري
wqE,24,21,3,0.875,0.125,uncategorized,وقع
Emr,24,15,9,0.625,0.375,uncategorized,عمر
mrD,24,3,21,0.125,0.875,uncategorized,مرض
fjr,24,18,6,0.75,0.25,moral_conduct,فجر
*ll,24,14,10,0.5833333333333334,0.4166666666666667,uncategorized,ذلل
A*y,24,4,20,0.16666666666666666,0.8333333333333334,uncategorized,اذي
jhl,24,15,9,0.625,0.375,uncategorized,جهل
vmr,24,17,7,0.7083333333333334,0.2916666666666667,uncategorized,ثمر
fH$,24,13,11,0.5416666666666666,0.4583333333333333,uncategorized,فحش
rqb,24,11,13,0.4583333333333333,0.5416666666666666,uncategorized,رقب
kwd,24,16,8,0.6666666666666666,0.3333333333333333,uncategorized,كود
gDb,24,13,11,0.5416666666666666,0.4583333333333333,emotions_states,غضب
nkH,23,1,22,0.043478260869565216,0.9565217391304348,uncategorized,نكح
Tlq,23,8,15,0.34782608695652173,0.6521739130434783,uncategorized,طلق
lbs,23,18,5,0.782608695652174,0.21739130434782608,uncategorized,لبس
srf,23,20,3,0.8695652173913043,0.13043478260869565,uncategorized,سرف
ytm,23,8,15,0.34782608695652173,0.6521739130434783,uncategorized,يتم
m$y,23,18,5,0.782608695652174,0.21739130434782608,uncategorized,مشي
wzn,23,18,5,0.782608695652174,0.21739130434782608,uncategorized,وزن
grq,23,21,2,0.9130434782608695,0.08695652173913043,uncategorized,غرق
srE,23,11,12,0.4782608695652174,0.5217391304347826,uncategorized,سرع
Alf,22,7,15,0.3181818181818182,0.6818181818181818,uncategorized,الف
trb,22,18,4,0.8181818181818182,0.18181818181818182,uncategorized,ترب
tmm,22,10,12,0.45454545454545453,0.5454545454545454,uncategorized,تمم
rbE,22,5,17,0.22727272727272727,0.7727272727272727,uncategorized,ربع
gwy,22,21,1,0.9545454545454546,0.045454545454545456,uncategorized,غوي
xTA,22,15,7,0.6818181818181818,0.3181818181818182,uncategorized,خطا
frH,22,14,8,0.6363636363636364,0.36363636363636365,emotions_states,فرح
Erb,22,11,11,0.5,0.5,uncategorized,عرب
bqy,21,18,3,0.8571428571428571,0.14285714285714285,uncategorized,بقي
Hlm,21,9,12,0.42857142857142855,0.5714285714285714,uncategorized,حلم
$hr,21,4,17,0.19047619047619047,0.8095238095238095,uncategorized,شهر
hwd,21,10,11,0.47619047619047616,0.5238095238095238,uncategorized,هود
fty,21,15,6,0.7142857142857143,0.2857142857142857,uncategorized,فتي
Hmm,21,18,3,0.8571428571428571,0.14285714285714285,uncategorized,حمم
Avr,21,17,4,0.8095238095238095,0.19047619047619047,uncategorized,اثر
n$r,21,19,2,0.9047619047619048,0.09523809523809523,uncategorized,نشر
mny,21,6,15,0.2857142857142857,0.7142857142857143,uncategorized,مني
ktm,21,2,19,0.09523809523809523,0.9047619047619048,uncategorized,كتم
Hjr,21,13,8,0.6190476190476191,0.38095238095238093,uncategorized,حجر
snn,21,11,10,0.5238095238095238,0.47619047619047616,uncategorized,سنن
H*r,21,4,17,0.19047619047619047,0.8095238095238095,uncategorized,حذر
SnE,20,16,4,0.8,0.2,uncategorized,صنع
mry,20,17,3,0.85,0.15,uncategorized,مري
snw,20,16,4,0.8,0.2,uncategorized,سنو
lEb,20,15,5,0.75,0.25,uncategorized,لعب
Hzb,20,11,9,0.55,0.45,uncategorized,حزب
k$f,20,20,0,1.0,0.0,uncategorized,كشف
fTr,20,20,0,1.0,0.0,creation_nature,فطر
drj,20,11,9,0.55,0.45,uncategorized,درج
nxl,20,16,4,0.8,0.2,uncategorized,نخل
nfx,20,17,3,0.85,0.15,uncategorized,نفخ
rbw,20,9,11,0.45,0.55,commerce_economics,ربو
nzE,20,14,6,0.7,0.3,uncategorized,نزع
fqh,20,10,10,0.5,0.5,knowledge_wisdom,فقه
Swr,19,14,5,0.7368421052631579,0.2631578947368421,uncategorized,صور
bld,19,17,2,0.8947368421052632,0.10526315789473684,uncategorized,بلد
sEr,19,13,6,0.6842105263157895,0.3157894736842105,uncategorized,سعر
TlE,19,17,2,0.8947368421052632,0.10526315789473684,uncategorized,طلع
vmn,19,8,11,0.42105263157894735,0.5789473684210527,uncategorized,ثمن
grb,19,11,8,0.5789473684210527,0.42105263157894735,uncategorized,غرب
r$d,19,15,4,0.7894736842105263,0.21052631578947367,uncategorized,رشد
fkh,19,16,3,0.8421052631578947,0.15789473684210525,uncategorized,فكه
mkn,18,15,3,0.8333333333333334,0.16666666666666666,uncategorized,مكن
HSn,18,3,15,0.16666666666666666,0.8333333333333334,moral_conduct,حصن
nfr,18,10,8,0.5555555555555556,0.4444444444444444,uncategorized,نفر
dbb,18,13,5,0.7222222222222222,0.2777777777777778,uncategorized,دبب
ldn,18,12,6,0.6666666666666666,0.3333333333333333,uncategorized,لدن
nwb,18,16,2,0.8888888888888888,0.1111111111111111,uncategorized,نوب
rAs,18,11,7,0.6111111111111112,0.3888888888888889,uncategorized,راس
vbt,18,8,10,0.4444444444444444,0.5555555555555556,uncategorized,ثبت
frD,18,1,17,0.05555555555555555,0.9444444444444444,uncategorized,فرض
fkr,18,13,5,0.7222222222222222,0.2777777777777778,knowledge_wisdom,فكر
xSm,18,13,5,0.7222222222222222,0.2777777777777778,uncategorized,خصم
mll,18,9,9,0.5,0.5,uncategorized,ملل
Sfw,17,8,9,0.47058823529411764,0.5294117647058824,uncategorized,صفو
swq,17,15,2,0.8823529411764706,0.11764705882352941,uncategorized,سوق
mdn,17,13,4,0.7647058823529411,0.23529411764705882,uncategorized,مدن
zEm,17,14,3,0.8235294117647058,0.17647058823529413,uncategorized,زعم
Ew*,17,15,2,0.8823529411764706,0.11764705882352941,uncategorized,عوذ
nqm,17,12,5,0.7058823529411765,0.29411764705882354,uncategorized,نقم
$rq,17,11,6,0.6470588235294118,0.35294117647058826,uncategorized,شرق
mnE,17,13,4,0.7647058823529411,0.23529411764705882,uncategorized,منع
Awb,17,14,3,0.8235294117647058,0.17647058823529413,uncategorized,اوب
swr,17,6,11,0.35294117647058826,0.6470588235294118,uncategorized,سور
bwA,17,8,9,0.47058823529411764,0.5294117647058824,uncategorized,بوا
rbS,17,6,11,0.35294117647058826,0.6470588235294118,uncategorized,ربص
xff,17,10,7,0.5882352941176471,0.4117647058823529,uncategorized,خفف
x$E,17,11,6,0.6470588235294118,0.35294117647058826,uncategorized,خشع
gll,16,8,8,0.5,0.5,uncategorized,غلل
gdw,16,12,4,0.75,0.25,uncategorized,غدو
lbb,16,8,8,0.5,0.5,uncategorized,لبب
sTr,16,14,2,0.875,0.125,uncategorized,سطر
Eln,16,11,5,0.6875,0.3125,uncategorized,علن
xbv,16,5,11,0.3125,0.6875,uncategorized,خبث
jhr,16,10,6,0.625,0.375,uncategorized,جهر
HbT,16,5,11,0.3125,0.6875,uncategorized,حبط
Etd,16,9,7,0.5625,0.4375,uncategorized,عتد
kyl,16,16,0,1.0,0.0,uncategorized,كيل
mhd,16,10,6,0.625,0.375,uncategorized,مهد
lhw,16,10,6,0.625,0.375,uncategorized,لهو
fAd,16,16,0,1.0,0.0,uncategorized,فاد
xwn,16,3,13,0.1875,0.8125,uncategorized,خون
Hrr,15,3,12,0.2,0.8,uncategorized,حرر
mTr,15,13,2,0.8666666666666667,0.13333333333333333,uncategorized,مطر
Hrj,15,2,13,0.13333333333333333,0.8666666666666667,uncategorized,حرج
kff,15,3,12,0.2,0.8,uncategorized,كفف
$kk,15,14,1,0.9333333333333333,0.06666666666666667,faith_belief,شكك
Smm,15,9,6,0.6,0.4,uncategorized,صمم
swm,15,8,7,0.5333333333333333,0.4666666666666667,uncategorized,سوم
byE,15,1,14,0.06666666666666667,0.9333333333333333,commerce_economics,بيع
bdA,15,14,1,0.9333333333333333,0.06666666666666667,uncategorized,بدا
rkb,15,12,3,0.8,0.2,uncategorized,ركب
Sff,14,11,3,0.7857142857142857,0.21428571428571427,uncategorized,صفف
E$w,14,12,2,0.8571428571428571,0.14285714285714285,uncategorized,عشو
fqr,14,3,11,0.21428571428571427,0.7857142857142857,uncategorized,فقر
wSf,14,14,0,1.0,0.0,uncategorized,وصف
rsw,14,13,1,0.9285714285714286,0.07142857142857142,uncategorized,رسو
Hrv,14,8,6,0.5714285714285714,0.42857142857142855,uncategorized,حرث
zrE,14,11,3,0.7857142857142857,0.21428571428571427,uncategorized,زرع
wlj,14,6,8,0.42857142857142855,0.5714285714285714,uncategorized,ولج
ETw,14,11,3,0.7857142857142857,0.21428571428571427,uncategorized,عطو
Swm,14,1,13,0.07142857142857142,0.9285714285714286,worship_ritual,صوم
rjm,14,13,1,0.9285714285714286,0.07142857142857142,uncategorized,رجم
vwy,14,11,3,0.7857142857142857,0.21428571428571427,uncategorized,ثوي
lwm,14,12,2,0.8571428571428571,0.14285714285714285,uncategorized,لوم
qrD,13,3,10,0.23076923076923078,0.7692307692307693,commerce_economics,قرض
qnt,13,3,10,0.23076923076923078,0.7692307692307693,uncategorized,قنت
Sgr,13,10,3,0.7692307692307693,0.23076923076923078,uncategorized,صغر
fdy,13,4,9,0.3076923076923077,0.6923076923076923,uncategorized,فدي
Tmn,13,5,8,0.38461538461538464,0.6153846153846154,uncategorized,طمن
rkE,13,3,10,0.23076923076923078,0.7692307692307693,worship_ritual,ركع
xll,13,9,4,0.6923076923076923,0.3076923076923077,uncategorized,خلل
glm,13,12,1,0.9230769230769231,0.07692307692307693,uncategorized,غلم
Dyq,13,9,4,0.6923076923076923,0.3076923076923077,uncategorized,ضيق
nSH,13,11,2,0.8461538461538461,0.15384615384615385,uncategorized,نصح
njm,13,11,2,0.8461538461538461,0.15384615384615385,natural_elements,نجم
bgt,13,11,2,0.8461538461538461,0.15384615384615385,uncategorized,بغت
xzn,13,12,1,0.9230769230769231,0.07692307692307693,uncategorized,خزن
yAs,13,8,5,0.6153846153846154,0.38461538461538464,uncategorized,ياس
Hlf,13,1,12,0.07692307692307693,0.9230769230769231,uncategorized,حلف
jld,13,6,7,0.46153846153846156,0.5384615384615384,uncategorized,جلد
jwr,13,6,7,0.46153846153846156,0.5384615384615384,uncategorized,جور
wqt,13,11,2,0.8461538461538461,0.15384615384615385,time_temporal,وقت
Hwr,13,6,7,0.46153846153846156,0.5384615384615384,uncategorized,حور
$hw,13,11,2,0.8461538461538461,0.15384615384615385,uncategorized,شهو
rAf,13,2,11,0.15384615384615385,0.8461538461538461,uncategorized,راف
glZ,13,4,9,0.3076923076923077,0.6923076923076923,uncategorized,غلظ
ESm,13,5,8,0.38461538461538464,0.6153846153846154,uncategorized,عصم
Aby,13,7,6,0.5384615384615384,0.46153846153846156,uncategorized,ابي
SyH,13,12,1,0.9230769230769231,0.07692307692307693,uncategorized,صيح
fwh,13,3,10,0.23076923076923078,0.7692307692307693,uncategorized,فوه
E*r,12,7,5,0.5833333333333334,0.4166666666666667,knowledge_wisdom,عذر
bxl,12,1,11,0.08333333333333333,0.9166666666666666,uncategorized,بخل
xrr,12,11,1,0.9166666666666666,0.08333333333333333,uncategorized,خرر
slk,12,12,0,1.0,0.0,uncategorized,سلك
bkr,12,6,6,0.5,0.5,uncategorized,بكر
wdy,12,8,4,0.6666666666666666,0.3333333333333333,uncategorized,ودي
xwD,12,8,4,0.6666666666666666,0.3333333333333333,uncategorized,خوض
drk,12,9,3,0.75,0.25,uncategorized,درك
$ml,12,12,0,1.0,0.0,uncategorized,شمل
nTf,12,10,2,0.8333333333333334,0.16666666666666666,uncategorized,نطف
nb*,12,8,4,0.6666666666666666,0.3333333333333333,uncategorized,نبذ
jHd,12,12,0,1.0,0.0,uncategorized,جحد
TmE,12,8,4,0.6666666666666666,0.3333333333333333,uncategorized,طمع
Hnf,12,6,6,0.5,0.5,uncategorized,حنف
jby,12,10,2,0.8333333333333334,0.16666666666666666,uncategorized,جبي
$bh,12,5,7,0.4166666666666667,0.5833333333333334,uncategorized,شبه
xTb,12,11,1,0.9166666666666666,0.08333333333333333,uncategorized,خطب
ESw,12,11,1,0.9166666666666666,0.08333333333333333,uncategorized,عصو
sfr,12,5,7,0.4166666666666667,0.5833333333333334,uncategorized,سفر
Tyn,12,10,2,0.8333333333333334,0.16666666666666666,uncategorized,طين
wSl,12,6,6,0.5,0.5,uncategorized,وصل
nTq,12,12,0,1.0,0.0,communication,نطق
Esr,12,7,5,0.5833333333333334,0.4166666666666667,uncategorized,عسر
Hsr,12,9,3,0.75,0.25,uncategorized,حسر
sjn,12,12,0,1.0,0.0,uncategorized,سجن
rhb,12,5,7,0.4166666666666667,0.5833333333333334,uncategorized,رهب
$qw,12,12,0,1.0,0.0,uncategorized,شقو
lHm,12,7,5,0.5833333333333334,0.4166666666666667,uncategorized,لحم
byD,12,9,3,0.75,0.25,uncategorized,بيض
knn,12,11,1,0.9166666666666666,0.08333333333333333,uncategorized,كنن
$yE,12,11,1,0.9166666666666666,0.08333333333333333,uncategorized,شيع
nyl,12,3,9,0.25,0.75,uncategorized,نيل
TbE,11,6,5,0.5454545454545454,0.45454545454545453,uncategorized,طبع
sfh,11,5,6,0.45454545454545453,0.5454545454545454,uncategorized,سفه
HSy,11,9,2,0.8181818181818182,0.18181818181818182,uncategorized,حصي
Trq,11,9,2,0.8181818181818182,0.18181818181818182,uncategorized,طرق
Enb,11,9,2,0.8181818181818182,0.18181818181818182,uncategorized,عنب
ymm,11,8,3,0.7272727272727273,0.2727272727272727,uncategorized,يمم
qSr,11,6,5,0.5454545454545454,0.45454545454545453,uncategorized,قصر
wkA,11,8,3,0.7272727272727273,0.2727272727272727,uncategorized,وكا
wqd,11,4,7,0.36363636363636365,0.6363636363636364,uncategorized,وقد
Ewn,11,6,5,0.5454545454545454,0.45454545454545453,uncategorized,عون
lgw,11,9,2,0.8181818181818182,0.18181818181818182,uncategorized,لغو
gyZ,11,3,8,0.2727272727272727,0.7272727272727273,uncategorized,غيظ
Trf,11,8,3,0.7272727272727273,0.2727272727272727,uncategorized,طرف
gmm,11,5,6,0.45454545454545453,0.5454545454545454,uncategorized,غمم
$fq,11,9,2,0.8181818181818182,0.18181818181818182,uncategorized,شفق
frr,11,7,4,0.6363636363636364,0.36363636363636365,uncategorized,فرر
sbb,11,9,2,0.8181818181818182,0.18181818181818182,uncategorized,سبب
fAy,11,2,9,0.18181818181818182,0.8181818181818182,uncategorized,فاي
SEq,11,7,4,0.6363636363636364,0.36363636363636365,uncategorized,صعق
Ayd,11,2,9,0.18181818181818182,0.8181818181818182,uncategorized,ايد
sHb,11,7,4,0.6363636363636364,0.36363636363636365,uncategorized,سحب
Hrb,11,3,8,0.2727272727272727,0.7272727272727273,uncategorized,حرب
wrd,11,10,1,0.9090909090909091,0.09090909090909091,uncategorized,ورد
zbr,11,9,2,0.8181818181818182,0.18181818181818182,uncategorized,زبر
Twr,11,8,3,0.7272727272727273,0.2727272727272727,uncategorized,طور
jml,11,9,2,0.8181818181818182,0.18181818181818182,uncategorized,جمل
rDE,11,2,9,0.18181818181818182,0.8181818181818182,uncategorized,رضع
kfl,10,6,4,0.6,0.4,uncategorized,كفل
rhq,10,10,0,1.0,0.0,uncategorized,رهق
DHk,10,9,1,0.9,0.1,uncategorized,ضحك
jbr,10,8,2,0.8,0.2,uncategorized,جبر
zyl,10,4,6,0.4,0.6,uncategorized,زيل
bT$,10,10,0,1.0,0.0,uncategorized,بطش
rjz,10,8,2,0.8,0.2,uncategorized,رجز
qds,10,3,7,0.3,0.7,divine_attributes,قدس
qhr,10,9,1,0.9,0.1,uncategorized,قهر
Hyq,10,10,0,1.0,0.0,uncategorized,حيق
rjs,10,4,6,0.4,0.6,uncategorized,رجس
dfE,10,4,6,0.4,0.6,uncategorized,دفع
rEy,10,6,4,0.6,0.4,uncategorized,رعي
sfl,10,6,4,0.6,0.4,uncategorized,سفل
mAy,10,2,8,0.2,0.8,uncategorized,ماي
dmw,10,5,5,0.5,0.5,uncategorized,دمو
Ezl,10,6,4,0.6,0.4,uncategorized,عزل
nqS,10,7,3,0.7,0.3,uncategorized,نقص
ASl,10,4,6,0.4,0.6,uncategorized,اصل
DyE,10,6,4,0.6,0.4,uncategorized,ضيع
Twl,10,6,4,0.6,0.4,uncategorized,طول
Etw,10,9,1,0.9,0.1,uncategorized,عتو
jdd,10,9,1,0.9,0.1,uncategorized,جدد
dmr,10,9,1,0.9,0.1,uncategorized,دمر
mlw,10,4,6,0.4,0.6,uncategorized,ملو
zlf,10,10,0,1.0,0.0,uncategorized,زلف
swd,10,5,5,0.5,0.5,uncategorized,سود
Ekf,9,5,4,0.5555555555555556,0.4444444444444444,uncategorized,عكف
gnm,9,3,6,0.3333333333333333,0.6666666666666666,uncategorized,غنم
fyD,9,3,6,0.3333333333333333,0.6666666666666666,uncategorized,فيض
nwm,9,7,2,0.7777777777777778,0.2222222222222222,uncategorized,نوم
Ewm,9,3,6,0.3333333333333333,0.6666666666666666,uncategorized,عوم
Hrq,9,4,5,0.4444444444444444,0.5555555555555556,uncategorized,حرق
rmy,9,2,7,0.2222222222222222,0.7777777777777778,uncategorized,رمي
lwn,9,7,2,0.7777777777777778,0.2222222222222222,uncategorized,لون
tjr,9,1,8,0.1111111111111111,0.8888888888888888,commerce_economics,تجر
qbD,9,6,3,0.6666666666666666,0.3333333333333333,uncategorized,قبض
bqr,9,4,5,0.4444444444444444,0.5555555555555556,uncategorized,بقر
Erj,9,6,3,0.6666666666666666,0.3333333333333333,uncategorized,عرج
*bH,9,5,4,0.5555555555555556,0.4444444444444444,uncategorized,ذبح
zyg,9,3,6,0.3333333333333333,0.6666666666666666,uncategorized,زيغ
Enq,9,7,2,0.7777777777777778,0.2222222222222222,uncategorized,عنق
bvv,9,7,2,0.7777777777777778,0.2222222222222222,uncategorized,بثث
sbt,9,6,3,0.6666666666666666,0.3333333333333333,uncategorized,سبت
Hly,9,6,3,0.6666666666666666,0.3333333333333333,uncategorized,حلي
Ezm,9,4,5,0.4444444444444444,0.5555555555555556,uncategorized,عزم
brz,9,6,3,0.6666666666666666,0.3333333333333333,uncategorized,برز
xyl,9,4,5,0.4444444444444444,0.5555555555555556,uncategorized,خيل
fDD,9,1,8,0.1111111111111111,0.8888888888888888,uncategorized,فضض
Ewj,9,8,1,0.8888888888888888,0.1111111111111111,uncategorized,عوج
dwm,9,4,5,0.4444444444444444,0.5555555555555556,uncategorized,دوم
hmm,9,3,6,0.3333333333333333,0.6666666666666666,uncategorized,همم
whn,9,4,5,0.4444444444444444,0.5555555555555556,uncategorized,وهن
SEd,9,6,3,0.6666666666666666,0.3333333333333333,movement_direction,صعد
knz,9,6,3,0.6666666666666666,0.3333333333333333,uncategorized,كنز
frj,9,5,4,0.5555555555555556,0.4444444444444444,uncategorized,فرج
SHf,9,8,1,0.8888888888888888,0.1111111111111111,uncategorized,صحف
Ebr,9,5,4,0.5555555555555556,0.4444444444444444,uncategorized,عبر
nqD,9,3,6,0.3333333333333333,0.6666666666666666,uncategorized,نقض
q*f,9,7,2,0.7777777777777778,0.2222222222222222,uncategorized,قذف
zny,9,2,7,0.2222222222222222,0.7777777777777778,uncategorized,زني
wqr,9,8,1,0.8888888888888888,0.1111111111111111,uncategorized,وقر
srq,9,6,3,0.6666666666666666,0.3333333333333333,uncategorized,سرق
brhn,8,6,2,0.75,0.25,uncategorized,برهن
sqT,8,7,1,0.875,0.125,uncategorized,سقط
SfH,8,4,4,0.5,0.5,uncategorized,صفح
qbr,8,5,3,0.625,0.375,uncategorized,قبر
hbT,8,4,4,0.5,0.5,uncategorized,هبط
xms,8,3,5,0.375,0.625,uncategorized,خمس
klf,8,4,4,0.5,0.5,uncategorized,كلف
rgb,8,4,4,0.5,0.5,uncategorized,رغب
Eqr,8,7,1,0.875,0.125,uncategorized,عقر
frT,8,8,0,1.0,0.0,uncategorized,فرط
sry,8,8,0,1.0,0.0,uncategorized,سري
stt,8,6,2,0.75,0.25,uncategorized,ستت
Hjb,8,7,1,0.875,0.125,uncategorized,حجب
wbl,8,1,7,0.125,0.875,uncategorized,وبل
dll,8,7,1,0.875,0.125,uncategorized,دلل
slf,8,3,5,0.375,0.625,uncategorized,سلف
Ey$,8,8,0,1.0,0.0,uncategorized,عيش
xsf,8,8,0,1.0,0.0,uncategorized,خسف
bht,8,1,7,0.125,0.875,uncategorized,بهت
lTf,8,6,2,0.75,0.25,uncategorized,لطف
gbr,8,8,0,1.0,0.0,uncategorized,غبر
Slb,8,5,3,0.625,0.375,uncategorized,صلب
xwl,8,3,5,0.375,0.625,uncategorized,خول
rjf,8,7,1,0.875,0.125,uncategorized,رجف
xDr,8,5,3,0.625,0.375,uncategorized,خضر
xtm,8,6,2,0.75,0.25,uncategorized,ختم
DrE,8,8,0,1.0,0.0,uncategorized,ضرع
Swt,8,5,3,0.625,0.375,communication,صوت
trf,8,8,0,1.0,0.0,uncategorized,ترف
bxs,7,6,1,0.8571428571428571,0.14285714285714285,uncategorized,بخس
fyA,7,1,6,0.14285714285714285,0.8571428571428571,uncategorized,فيا
Hbl,7,4,3,0.5714285714285714,0.42857142857142855,uncategorized,حبل
bEl,7,2,5,0.2857142857142857,0.7142857142857143,uncategorized,بعل
grf,7,5,2,0.7142857142857143,0.2857142857142857,uncategorized,غرف
Asw,7,1,6,0.14285714285714285,0.8571428571428571,uncategorized,اسو
mwj,7,5,2,0.7142857142857143,0.2857142857142857,uncategorized,موج
ESf,7,6,1,0.8571428571428571,0.14285714285714285,uncategorized,عصف
tsE,7,7,0,1.0,0.0,uncategorized,تسع
bky,7,6,1,0.8571428571428571,0.14285714285714285,uncategorized,بكي
qsw,7,2,5,0.2857142857142857,0.7142857142857143,uncategorized,قسو
Eqd,7,2,5,0.2857142857142857,0.7142857142857143,uncategorized,عقد
nsk,7,1,6,0.14285714285714285,0.8571428571428571,uncategorized,نسك
brj,7,3,4,0.42857142857142855,0.5714285714285714,uncategorized,برج
nkv,7,3,4,0.42857142857142855,0.5714285714285714,uncategorized,نكث
bDE,7,7,0,1.0,0.0,uncategorized,بضع
HZZ,7,2,5,0.2857142857142857,0.7142857142857143,uncategorized,حظظ
xTf,7,4,3,0.5714285714285714,0.42857142857142855,uncategorized,خطف
dkk,7,7,0,1.0,0.0,uncategorized,دكك
xmr,7,2,5,0.2857142857142857,0.7142857142857143,uncategorized,خمر
DHw,7,7,0,1.0,0.0,uncategorized,ضحو
skr,7,4,3,0.5714285714285714,0.42857142857142855,uncategorized,سكر
nSf,7,2,5,0.2857142857142857,0.7142857142857143,social_justice,نصف
Emd,7,3,4,0.42857142857142855,0.5714285714285714,uncategorized,عمد
nwq,7,7,0,1.0,0.0,uncategorized,نوق
srH,7,1,6,0.14285714285714285,0.8571428571428571,uncategorized,سرح
wEy,7,7,0,1.0,0.0,uncategorized,وعي
mkv,7,6,1,0.8571428571428571,0.14285714285714285,uncategorized,مكث
Elq,7,5,2,0.7142857142857143,0.2857142857142857,uncategorized,علق
ndm,7,4,3,0.5714285714285714,0.42857142857142855,uncategorized,ندم
zyt,7,5,2,0.7142857142857143,0.2857142857142857,uncategorized,زيت
Emh,7,6,1,0.8571428571428571,0.14285714285714285,uncategorized,عمه
Dyf,6,6,0,1.0,0.0,uncategorized,ضيف
Hrf,6,0,6,0.0,1.0,uncategorized,حرف
Asr,6,0,6,0.0,1.0,uncategorized,اسر
wTA,6,1,5,0.16666666666666666,0.8333333333333334,uncategorized,وطا
krr,6,5,1,0.8333333333333334,0.16666666666666666,uncategorized,كرر
fzE,6,6,0,1.0,0.0,emotions_states,فزع
Ady,6,1,5,0.16666666666666666,0.8333333333333334,uncategorized,ادي
lAlA,6,3,3,0.5,0.5,uncategorized,لالا
mrj,6,2,4,0.3333333333333333,0.6666666666666666,uncategorized,مرج
Srr,6,4,2,0.6666666666666666,0.3333333333333333,uncategorized,صرر
drs,6,5,1,0.8333333333333334,0.16666666666666666,uncategorized,درس
rSd,6,4,2,0.6666666666666666,0.3333333333333333,uncategorized,رصد
mhl,6,6,0,1.0,0.0,uncategorized,مهل
Hbr,6,2,4,0.3333333333333333,0.6666666666666666,uncategorized,حبر
klb,6,5,1,0.8333333333333334,0.16666666666666666,uncategorized,كلب
Hmy,6,2,4,0.3333333333333333,0.6666666666666666,uncategorized,حمي
brq,6,2,4,0.3333333333333333,0.6666666666666666,uncategorized,برق
qnT,6,6,0,1.0,0.0,uncategorized,قنط
zlzl,6,0,6,0.0,1.0,uncategorized,زلزل
Hmr,6,4,2,0.6666666666666666,0.3333333333333333,uncategorized,حمر
myl,6,0,6,0.0,1.0,uncategorized,ميل
HSd,6,6,0,1.0,0.0,uncategorized,حصد
Syd,6,0,6,0.0,1.0,uncategorized,صيد
bkm,6,3,3,0.5,0.5,uncategorized,بكم
*rA,6,6,0,1.0,0.0,uncategorized,ذرا
DwA,6,3,3,0.5,0.5,uncategorized,ضوا
kAs,6,4,2,0.6666666666666666,0.3333333333333333,uncategorized,كاس
zjr,6,6,0,1.0,0.0,uncategorized,زجر
rdy,6,5,1,0.8333333333333334,0.16666666666666666,uncategorized,ردي
zwr,6,4,2,0.6666666666666666,0.3333333333333333,uncategorized,زور
fxr,6,2,4,0.3333333333333333,0.6666666666666666,uncategorized,فخر
mqt,6,4,2,0.6666666666666666,0.3333333333333333,uncategorized,مقت
vqf,6,0,6,0.0,1.0,uncategorized,ثقف
lwH,6,6,0,1.0,0.0,uncategorized,لوح
sdd,6,4,2,0.6666666666666666,0.3333333333333333,uncategorized,سدد
tbr,6,6,0,1.0,0.0,uncategorized,تبر
xlT,6,4,2,0.6666666666666666,0.3333333333333333,uncategorized,خلط
lHq,6,4,2,0.6666666666666666,0.3333333333333333,uncategorized,لحق
lHd,6,5,1,0.8333333333333334,0.16666666666666666,uncategorized,لحد
HTm,6,5,1,0.8333333333333334,0.16666666666666666,uncategorized,حطم
fr$,6,4,2,0.6666666666666666,0.3333333333333333,uncategorized,فرش
nzg,6,6,0,1.0,0.0,uncategorized,نزغ
qmS,6,6,0,1.0,0.0,uncategorized,قمص
dAb,6,3,3,0.5,0.5,uncategorized,داب
kZm,6,5,1,0.8333333333333334,0.16666666666666666,uncategorized,كظم
$fy,6,5,1,0.8333333333333334,0.16666666666666666,uncategorized,شفي
qSd,6,4,2,0.6666666666666666,0.3333333333333333,uncategorized,قصد
grm,6,4,2,0.6666666666666666,0.3333333333333333,uncategorized,غرم
khf,6,6,0,1.0,0.0,uncategorized,كهف
Hss,6,4,2,0.6666666666666666,0.3333333333333333,uncategorized,حسس
ndd,6,4,2,0.6666666666666666,0.3333333333333333,uncategorized,ندد
frg,6,4,2,0.6666666666666666,0.3333333333333333,uncategorized,فرغ
HSr,6,1,5,0.16666666666666666,0.8333333333333334,uncategorized,حصر
bgD,5,0,5,0.0,1.0,emotions_states,بغض
lwy,5,0,5,0.0,1.0,uncategorized,لوي
ESb,5,4,1,0.8,0.2,uncategorized,عصب
*rE,5,5,0,1.0,0.0,uncategorized,ذرع
nq*,5,3,2,0.6,0.4,uncategorized,نقذ
*mm,5,3,2,0.6,0.4,uncategorized,ذمم
ksw,5,1,4,0.2,0.8,uncategorized,كسو
rEb,5,1,4,0.2,0.8,uncategorized,رعب
xyb,5,4,1,0.8,0.2,uncategorized,خيب
HrS,5,2,3,0.4,0.6,uncategorized,حرص
wsT,5,2,3,0.4,0.6,uncategorized,وسط
wzE,5,5,0,1.0,0.0,uncategorized,وزع
lzm,5,4,1,0.8,0.2,uncategorized,لزم
nfd,5,5,0,1.0,0.0,uncategorized,نفد
$rE,5,4,1,0.8,0.2,uncategorized,شرع
sbT,5,1,4,0.2,0.8,uncategorized,سبط
vbr,5,5,0,1.0,0.0,uncategorized,ثبر
Evw,5,4,1,0.8,0.2,uncategorized,عثو
kwkb,5,4,1,0.8,0.2,uncategorized,كوكب
Snm,5,5,0,1.0,0.0,uncategorized,صنم
Ark,5,4,1,0.8,0.2,uncategorized,ارك
Hsd,5,2,3,0.4,0.6,uncategorized,حسد
Trd,5,5,0,1.0,0.0,uncategorized,طرد
zhq,5,3,2,0.6,0.4,uncategorized,زهق
dhn,5,4,1,0.8,0.2,uncategorized,دهن
kml,5,1,4,0.2,0.8,uncategorized,كمل
mSr,5,4,1,0.8,0.2,uncategorized,مصر
brd,5,4,1,0.8,0.2,uncategorized,برد
jwz,5,4,1,0.8,0.2,uncategorized,جوز
Sbb,5,4,1,0.8,0.2,uncategorized,صبب
Ent,5,0,5,0.0,1.0,uncategorized,عنت
lms,5,2,3,0.4,0.6,uncategorized,لمس
Emm,5,0,5,0.0,1.0,uncategorized,عمم
rbT,5,2,3,0.4,0.6,uncategorized,ربط
Asf,5,5,0,1.0,0.0,uncategorized,اسف
sds,5,1,4,0.2,0.8,uncategorized,سدس
jlw,5,4,1,0.8,0.2,uncategorized,جلو
xTw,5,1,4,0.2,0.8,uncategorized,خطو
nkl,5,2,3,0.4,0.6,uncategorized,نكل
nsf,5,5,0,1.0,0.0,uncategorized,نسف
$tt,5,2,3,0.4,0.6,uncategorized,شتت
fwt,5,2,3,0.4,0.6,uncategorized,فوت
hll,5,2,3,0.4,0.6,uncategorized,هلل
hzz,5,4,1,0.8,0.2,uncategorized,هزز
qfw,5,1,4,0.2,0.8,uncategorized,قفو
jwE,5,4,1,0.8,0.2,uncategorized,جوع
$Tr,5,0,5,0.0,1.0,uncategorized,شطر
lyn,5,3,2,0.6,0.4,uncategorized,لين
gwv,5,4,1,0.8,0.2,uncategorized,غوث
qtr,5,4,1,0.8,0.2,uncategorized,قتر
wjl,5,3,2,0.6,0.4,uncategorized,وجل
qSw,5,4,1,0.8,0.2,uncategorized,قصو
Hwt,5,5,0,1.0,0.0,uncategorized,حوت
ksf,5,5,0,1.0,0.0,uncategorized,كسف
xnzr,5,2,3,0.4,0.6,uncategorized,خنزر
HSb,5,5,0,1.0,0.0,uncategorized,حصب
mDy,5,4,1,0.8,0.2,uncategorized,مضي
jvm,5,5,0,1.0,0.0,uncategorized,جثم
Tms,5,4,1,0.8,0.2,uncategorized,طمس
Etb,5,5,0,1.0,0.0,uncategorized,عتب
mrd,5,2,3,0.4,0.6,uncategorized,مرد
drA,5,1,4,0.2,0.8,uncategorized,درا
vwr,5,4,1,0.8,0.2,uncategorized,ثور
Sfr,5,3,2,0.6,0.4,uncategorized,صفر
Twy,5,5,0,1.0,0.0,uncategorized,طوي
$HH,5,0,5,0.0,1.0,uncategorized,شحح
HyS,5,4,1,0.8,0.2,uncategorized,حيص
wsws,5,5,0,1.0,0.0,uncategorized,وسوس
rfq,5,3,2,0.6,0.4,uncategorized,رفق
snbl,5,3,2,0.6,0.4,uncategorized,سنبل
n$z,5,0,5,0.0,1.0,uncategorized,نشز
ESr,5,4,1,0.8,0.2,time_temporal,عصر
qdd,5,5,0,1.0,0.0,uncategorized,قدد
$hb,5,5,0,1.0,0.0,uncategorized,شهب
SdE,5,4,1,0.8,0.2,uncategorized,صدع
Srx,5,5,0,1.0,0.0,uncategorized,صرخ
xwy,5,3,2,0.6,0.4,uncategorized,خوي
myd,5,3,2,0.6,0.4,uncategorized,ميد
$rH,5,5,0,1.0,0.0,uncategorized,شرح
xrS,5,5,0,1.0,0.0,uncategorized,خرص
qrf,5,4,1,0.8,0.2,uncategorized,قرف
fwj,5,4,1,0.8,0.2,uncategorized,فوج
bwr,5,4,1,0.8,0.2,uncategorized,بور
qTr,5,3,2,0.6,0.4,uncategorized,قطر
qrE,5,4,1,0.8,0.2,uncategorized,قرع
frd,5,5,0,1.0,0.0,uncategorized,فرد
xdE,5,0,5,0.0,1.0,uncategorized,خدع
Sdf,5,5,0,1.0,0.0,uncategorized,صدف
bls,5,5,0,1.0,0.0,uncategorized,بلس
drr,4,3,1,0.75,0.25,uncategorized,درر
nsx,4,2,2,0.5,0.5,uncategorized,نسخ
hAt,4,3,1,0.75,0.25,uncategorized,هات
bdE,4,2,2,0.5,0.5,uncategorized,بدع
jrH,4,2,2,0.5,0.5,uncategorized,جرح
krb,4,4,0,1.0,0.0,uncategorized,كرب
Afl,4,4,0,1.0,0.0,uncategorized,افل
wrq,4,4,0,1.0,0.0,uncategorized,ورق
ybs,4,4,0,1.0,0.0,uncategorized,يبس
Tfl,4,1,3,0.25,0.75,uncategorized,طفل
kEb,4,1,3,0.25,0.75,uncategorized,كعب
nsl,4,3,1,0.75,0.25,uncategorized,نسل
Eqm,4,3,1,0.75,0.25,uncategorized,عقم
Twq,4,0,4,0.0,1.0,uncategorized,طوق
gsq,4,4,0,1.0,0.0,uncategorized,غسق
slH,4,0,4,0.0,1.0,uncategorized,سلح
lmm,4,3,1,0.75,0.25,uncategorized,لمم
qld,4,2,2,0.5,0.5,uncategorized,قلد
Tbq,4,4,0,1.0,0.0,uncategorized,طبق
gmr,4,4,0,1.0,0.0,uncategorized,غمر
xrq,4,4,0,1.0,0.0,uncategorized,خرق
zxrf,4,4,0,1.0,0.0,uncategorized,زخرف
flq,4,4,0,1.0,0.0,uncategorized,فلق
wdE,4,3,1,0.75,0.25,uncategorized,ودع
rqy,4,4,0,1.0,0.0,uncategorized,رقي
nqr,4,2,2,0.5,0.5,uncategorized,نقر
nHt,4,4,0,1.0,0.0,uncategorized,نحت
Tlb,4,2,2,0.5,0.5,uncategorized,طلب
msH,4,1,3,0.25,0.75,uncategorized,مسح
dlw,4,3,1,0.75,0.25,uncategorized,دلو
sqf,4,4,0,1.0,0.0,uncategorized,سقف
dxr,4,4,0,1.0,0.0,uncategorized,دخر
kwb,4,3,1,0.75,0.25,uncategorized,كوب
gsl,4,2,2,0.5,0.5,uncategorized,غسل
Ejm,4,4,0,1.0,0.0,uncategorized,عجم
dHr,4,4,0,1.0,0.0,uncategorized,دحر
smm,4,4,0,1.0,0.0,uncategorized,سمم
hyA,4,2,2,0.5,0.5,uncategorized,هيا
qlm,4,3,1,0.75,0.25,uncategorized,قلم
$An,4,2,2,0.5,0.5,uncategorized,شان
wqf,4,4,0,1.0,0.0,uncategorized,وقف
xsA,4,3,1,0.75,0.25,uncategorized,خسا
sHt,4,1,3,0.25,0.75,uncategorized,سحت
sfn,4,4,0,1.0,0.0,uncategorized,سفن
dHD,4,4,0,1.0,0.0,uncategorized,دحض
xSS,4,0,4,0.0,1.0,uncategorized,خصص
tbb,4,4,0,1.0,0.0,uncategorized,تبب
sjl,4,4,0,1.0,0.0,uncategorized,سجل
smr,4,4,0,1.0,0.0,uncategorized,سمر
mjd,4,4,0,1.0,0.0,uncategorized,مجد
$yx,4,4,0,1.0,0.0,uncategorized,شيخ
nSy,4,3,1,0.75,0.25,uncategorized,نصي
Amd,4,2,2,0.5,0.5,uncategorized,امد
qnTr,4,0,4,0.0,1.0,uncategorized,قنطر
sdr,4,4,0,1.0,0.0,uncategorized,سدر
mzq,4,4,0,1.0,0.0,uncategorized,مزق
mhn,4,4,0,1.0,0.0,uncategorized,مهن
rHl,4,4,0,1.0,0.0,uncategorized,رحل
fwr,4,3,1,0.75,0.25,uncategorized,فور
f$l,4,0,4,0.0,1.0,uncategorized,فشل
srj,4,3,1,0.75,0.25,uncategorized,سرج
rkn,4,4,0,1.0,0.0,uncategorized,ركن
nfl,4,2,2,0.5,0.5,uncategorized,نفل
zll,4,1,3,0.25,0.75,uncategorized,زلل
rtl,4,4,0,1.0,0.0,uncategorized,رتل
nEj,4,4,0,1.0,0.0,uncategorized,نعج
rHb,4,2,2,0.5,0.5,uncategorized,رحب
smn,4,4,0,1.0,0.0,uncategorized,سمن
gyv,4,3,1,0.75,0.25,uncategorized,غيث
jhz,4,4,0,1.0,0.0,uncategorized,جهز
bwl,4,2,2,0.5,0.5,uncategorized,بول
syl,4,2,2,0.5,0.5,uncategorized,سيل
srb,4,2,2,0.5,0.5,uncategorized,سرب
myz,4,2,2,0.5,0.5,uncategorized,ميز
xfD,4,4,0,1.0,0.0,uncategorized,خفض
hnA,4,3,1,0.75,0.25,uncategorized,هنا
zwl,4,4,0,1.0,0.0,uncategorized,زول
Ewr,4,0,4,0.0,1.0,uncategorized,عور
nml,4,3,1,0.75,0.25,uncategorized,نمل
sxT,4,0,4,0.0,1.0,uncategorized,سخط
HmA,4,4,0,1.0,0.0,uncategorized,حما
$wr,4,2,2,0.5,0.5,uncategorized,شور
HyD,4,0,4,0.0,1.0,uncategorized,حيض
SlSl,4,3,1,0.75,0.25,uncategorized,صلصل
gDD,4,1,3,0.25,0.75,uncategorized,غضض
ljj,4,3,1,0.75,0.25,uncategorized,لجج
jsd,4,4,0,1.0,0.0,uncategorized,جسد
wfq,4,2,2,0.5,0.5,uncategorized,وفق
sfH,4,1,3,0.25,0.75,uncategorized,سفح
gwr,4,2,2,0.5,0.5,uncategorized,غور
lmz,4,1,3,0.25,0.75,uncategorized,لمز
jdr,4,2,2,0.5,0.5,uncategorized,جدر
r*l,4,3,1,0.75,0.25,uncategorized,رذل
swl,4,3,1,0.75,0.25,uncategorized,سول
Eff,4,0,4,0.0,1.0,uncategorized,عفف
SrH,4,4,0,1.0,0.0,uncategorized,صرح
wtr,3,2,1,0.6666666666666666,0.3333333333333333,uncategorized,وتر
DjE,3,1,2,0.3333333333333333,0.6666666666666666,uncategorized,ضجع
Afq,3,3,0,1.0,0.0,uncategorized,افق
sll,3,2,1,0.6666666666666666,0.3333333333333333,uncategorized,سلل
Aff,3,3,0,1.0,0.0,uncategorized,افف
b*r,3,3,0,1.0,0.0,uncategorized,بذر
mrH,3,3,0,1.0,0.0,uncategorized,مرح
str,3,3,0,1.0,0.0,uncategorized,ستر
HrD,3,1,2,0.3333333333333333,0.6666666666666666,uncategorized,حرض
dEE,3,3,0,1.0,0.0,uncategorized,دعع
wvn,3,2,1,0.6666666666666666,0.3333333333333333,uncategorized,وثن
ftr,3,2,1,0.6666666666666666,0.3333333333333333,uncategorized,فتر
*qn,3,3,0,1.0,0.0,uncategorized,ذقن
slw,3,2,1,0.6666666666666666,0.3333333333333333,uncategorized,سلو
jAr,3,3,0,1.0,0.0,uncategorized,جار
xyT,3,1,2,0.3333333333333333,0.6666666666666666,uncategorized,خيط
ftl,3,1,2,0.3333333333333333,0.6666666666666666,uncategorized,فتل
nf*,3,0,3,0.0,1.0,uncategorized,نفذ
Tfq,3,3,0,1.0,0.0,uncategorized,طفق
mwr,3,3,0,1.0,0.0,uncategorized,مور
vll,3,3,0,1.0,0.0,uncategorized,ثلل
$TT,3,3,0,1.0,0.0,uncategorized,شطط
Abl,3,3,0,1.0,0.0,uncategorized,ابل
fzz,3,3,0,1.0,0.0,uncategorized,فزز
Hlq,3,1,2,0.3333333333333333,0.6666666666666666,uncategorized,حلق
Sbg,3,1,2,0.3333333333333333,0.6666666666666666,uncategorized,صبغ
lff,3,3,0,1.0,0.0,uncategorized,لفف
Srm,3,3,0,1.0,0.0,uncategorized,صرم
HDD,3,3,0,1.0,0.0,uncategorized,حضض
rmn,3,2,1,0.6666666666666666,0.3333333333333333,uncategorized,رمن
nkf,3,0,3,0.0,1.0,uncategorized,نكف
qbs,3,2,1,0.6666666666666666,0.3333333333333333,uncategorized,قبس
*rw,3,3,0,1.0,0.0,uncategorized,ذرو
Anf,3,0,3,0.0,1.0,uncategorized,انف
wSd,3,3,0,1.0,0.0,uncategorized,وصد
Ezr,3,1,2,0.3333333333333333,0.6666666666666666,uncategorized,عزر
nqb,3,2,1,0.6666666666666666,0.3333333333333333,uncategorized,نقب
mDg,3,2,1,0.6666666666666666,0.3333333333333333,uncategorized,مضغ
bhj,3,2,1,0.6666666666666666,0.3333333333333333,uncategorized,بهج
SbA,3,0,3,0.0,1.0,uncategorized,صبا
lfw,3,2,1,0.6666666666666666,0.3333333333333333,uncategorized,لفو
nAy,3,3,0,1.0,0.0,uncategorized,ناي
jvw,3,3,0,1.0,0.0,uncategorized,جثو
nks,3,3,0,1.0,0.0,uncategorized,نكس
fjj,3,2,1,0.6666666666666666,0.3333333333333333,uncategorized,فجج
xft,3,3,0,1.0,0.0,uncategorized,خفت
rqm,3,3,0,1.0,0.0,uncategorized,رقم
bhm,3,0,3,0.0,1.0,uncategorized,بهم
TfA,3,0,3,0.0,1.0,uncategorized,طفا
$nA,3,1,2,0.3333333333333333,0.6666666666666666,uncategorized,شنا
fsH,3,0,3,0.0,1.0,uncategorized,فسح
$Am,3,3,0,1.0,0.0,uncategorized,شام
jyb,3,2,1,0.6666666666666666,0.3333333333333333,uncategorized,جيب
sjr,3,3,0,1.0,0.0,uncategorized,سجر
slsl,3,2,1,0.6666666666666666,0.3333333333333333,uncategorized,سلسل
Azf,3,3,0,1.0,0.0,uncategorized,ازف
nsb,3,3,0,1.0,0.0,uncategorized,نسب
Dgv,3,3,0,1.0,0.0,uncategorized,ضغث
syH,3,0,3,0.0,1.0,uncategorized,سيح
zbd,3,0,3,0.0,1.0,uncategorized,زبد
mHw,3,2,1,0.6666666666666666,0.3333333333333333,uncategorized,محو
swg,3,3,0,1.0,0.0,uncategorized,سوغ
zqm,3,3,0,1.0,0.0,uncategorized,زقم
rwg,3,3,0,1.0,0.0,uncategorized,روغ
wtd,3,3,0,1.0,0.0,uncategorized,وتد
nvr,3,2,1,0.6666666666666666,0.3333333333333333,uncategorized,نثر
kwr,3,3,0,1.0,0.0,uncategorized,كور
frt,3,3,0,1.0,0.0,uncategorized,فرت
rgd,3,1,2,0.3333333333333333,0.6666666666666666,uncategorized,رغد
jzA,3,2,1,0.6666666666666666,0.3333333333333333,uncategorized,جزا
brH,3,3,0,1.0,0.0,uncategorized,برح
$kw,3,1,2,0.3333333333333333,0.6666666666666666,uncategorized,شكو
zjw,3,2,1,0.6666666666666666,0.3333333333333333,uncategorized,زجو
rkm,3,1,2,0.3333333333333333,0.6666666666666666,uncategorized,ركم
rdf,3,2,1,0.6666666666666666,0.3333333333333333,uncategorized,ردف
qrH,3,0,3,0.0,1.0,uncategorized,قرح
kbt,3,0,3,0.0,1.0,uncategorized,كبت
hmz,3,3,0,1.0,0.0,uncategorized,همز
lqf,3,3,0,1.0,0.0,uncategorized,لقف
nHs,3,2,1,0.6666666666666666,0.3333333333333333,uncategorized,نحس
SrSr,3,3,0,1.0,0.0,uncategorized,صرصر
hTE,3,3,0,1.0,0.0,uncategorized,هطع
Hfw,3,2,1,0.6666666666666666,0.3333333333333333,uncategorized,حفو
mtn,3,3,0,1.0,0.0,uncategorized,متن
slx,3,2,1,0.6666666666666666,0.3333333333333333,uncategorized,سلخ
Erw,3,2,1,0.6666666666666666,0.3333333333333333,uncategorized,عرو
hzm,3,2,1,0.6666666666666666,0.3333333333333333,uncategorized,هزم
srbl,3,3,0,1.0,0.0,uncategorized,سربل
x*l,3,2,1,0.6666666666666666,0.3333333333333333,uncategorized,خذل
rhn,3,2,1,0.6666666666666666,0.3333333333333333,uncategorized,رهن
sAm,3,2,1,0.6666666666666666,0.3333333333333333,uncategorized,سام
Sbw,3,3,0,1.0,0.0,uncategorized,صبو
*Ab,3,3,0,1.0,0.0,uncategorized,ذاب
Hdq,3,3,0,1.0,0.0,uncategorized,حدق
lft,3,3,0,1.0,0.0,uncategorized,لفت
ZmA,3,1,2,0.3333333333333333,0.6666666666666666,uncategorized,ظما
$Hn,3,3,0,1.0,0.0,uncategorized,شحن
xbt,3,1,2,0.3333333333333333,0.6666666666666666,uncategorized,خبت
Hwj,3,2,1,0.6666666666666666,0.3333333333333333,uncategorized,حوج
Eyr,3,3,0,1.0,0.0,uncategorized,عير
fqd,3,3,0,1.0,0.0,uncategorized,فقد
ljA,3,1,2,0.3333333333333333,0.6666666666666666,uncategorized,لجا
Ass,3,0,3,0.0,1.0,uncategorized,اسس
jdv,3,3,0,1.0,0.0,uncategorized,جدث
l**,3,2,1,0.6666666666666666,0.3333333333333333,uncategorized,لذذ
Ajj,3,3,0,1.0,0.0,uncategorized,اجج
zfr,3,3,0,1.0,0.0,uncategorized,زفر
ASr,3,1,2,0.3333333333333333,0.6666666666666666,uncategorized,اصر
nDd,3,3,0,1.0,0.0,uncategorized,نضد
wjs,3,3,0,1.0,0.0,uncategorized,وجس
rhT,3,3,0,1.0,0.0,uncategorized,رهط
Sxr,3,3,0,1.0,0.0,uncategorized,صخر
qrd,3,1,2,0.3333333333333333,0.6666666666666666,uncategorized,قرد
Ery,3,3,0,1.0,0.0,uncategorized,عري
j*E,3,3,0,1.0,0.0,uncategorized,جذع
$yb,3,3,0,1.0,0.0,uncategorized,شيب
rkD,3,3,0,1.0,0.0,uncategorized,ركض
mzj,3,1,2,0.3333333333333333,0.6666666666666666,uncategorized,مزج
nDr,3,2,1,0.6666666666666666,0.3333333333333333,uncategorized,نضر
Ebs,3,2,1,0.6666666666666666,0.3333333333333333,uncategorized,عبس
lhb,3,3,0,1.0,0.0,uncategorized,لهب
dmE,2,0,2,0.0,1.0,uncategorized,دمع
n$T,2,2,0,1.0,0.0,uncategorized,نشط
bzg,2,2,0,1.0,0.0,uncategorized,بزغ
Hqb,2,2,0,1.0,0.0,uncategorized,حقب
kdH,2,2,0,1.0,0.0,uncategorized,كدح
bEvr,2,2,0,1.0,0.0,uncategorized,بعثر
xns,2,2,0,1.0,0.0,uncategorized,خنس
bsr,2,2,0,1.0,0.0,uncategorized,بسر
btl,2,2,0,1.0,0.0,uncategorized,بتل
xmd,2,2,0,1.0,0.0,uncategorized,خمد
glf,2,0,2,0.0,1.0,uncategorized,غلف
gTw,2,2,0,1.0,0.0,uncategorized,غطو
wsl,2,1,1,0.5,0.5,uncategorized,وسل
hDm,2,2,0,1.0,0.0,uncategorized,هضم
qwE,2,1,1,0.5,0.5,uncategorized,قوع
rwD,2,2,0,1.0,0.0,uncategorized,روض
Enkb,2,2,0,1.0,0.0,uncategorized,عنكب
srmd,2,2,0,1.0,0.0,uncategorized,سرمد
lqT,2,2,0,1.0,0.0,uncategorized,لقط
jbb,2,2,0,1.0,0.0,uncategorized,جبب
j**,2,2,0,1.0,0.0,uncategorized,جذذ
$hq,2,2,0,1.0,0.0,uncategorized,شهق
sEd,2,2,0,1.0,0.0,uncategorized,سعد
rfd,2,2,0,1.0,0.0,uncategorized,رفد
rsx,2,0,2,0.0,1.0,uncategorized,رسخ
gyD,2,1,1,0.5,0.5,uncategorized,غيض
rEd,2,0,2,0.0,1.0,uncategorized,رعد
lgb,2,2,0,1.0,0.0,uncategorized,لغب
wTr,2,0,2,0.0,1.0,uncategorized,وطر
Hnjr,2,1,1,0.5,0.5,uncategorized,حنجر
sbg,2,2,0,1.0,0.0,uncategorized,سبغ
xdd,2,2,0,1.0,0.0,uncategorized,خدد
Hw$,2,2,0,1.0,0.0,uncategorized,حوش
$TA,2,1,1,0.5,0.5,uncategorized,شطا
kbb,2,2,0,1.0,0.0,uncategorized,كبب
Hjz,2,2,0,1.0,0.0,uncategorized,حجز
SbE,2,1,1,0.5,0.5,uncategorized,صبع
hym,2,2,0,1.0,0.0,uncategorized,هيم
qly,2,2,0,1.0,0.0,uncategorized,قلي
kmh,2,0,2,0.0,1.0,uncategorized,كمه
khl,2,0,2,0.0,1.0,uncategorized,كهل
bdn,2,1,1,0.5,0.5,uncategorized,بدن
Ezb,2,2,0,1.0,0.0,uncategorized,عزب
Awh,2,1,1,0.5,0.5,uncategorized,اوه
hwr,2,0,2,0.0,1.0,uncategorized,هور
mHq,2,0,2,0.0,1.0,uncategorized,محق
hrE,2,2,0,1.0,0.0,uncategorized,هرع
vqb,2,2,0,1.0,0.0,uncategorized,ثقب
rmm,2,2,0,1.0,0.0,uncategorized,رمم
$gl,2,1,1,0.5,0.5,uncategorized,شغل
nsA,2,1,1,0.5,0.5,uncategorized,نسا
Hfr,2,1,1,0.5,0.5,uncategorized,حفر
$fw,2,0,2,0.0,1.0,uncategorized,شفو
brS,2,0,2,0.0,1.0,uncategorized,برص
xDE,2,1,1,0.5,0.5,uncategorized,خضع
mlH,2,2,0,1.0,0.0,uncategorized,ملح
sfk,2,0,2,0.0,1.0,uncategorized,سفك
bEr,2,2,0,1.0,0.0,uncategorized,بعر
Ejf,2,2,0,1.0,0.0,uncategorized,عجف
xbl,2,0,2,0.0,1.0,uncategorized,خبل
Eyl,2,1,1,0.5,0.5,uncategorized,عيل
All,2,0,2,0.0,1.0,uncategorized,الل
vxn,2,0,2,0.0,1.0,uncategorized,ثخن
nkS,2,1,1,0.5,0.5,uncategorized,نكص
kyn,2,1,1,0.5,0.5,uncategorized,كين
mHS,2,0,2,0.0,1.0,uncategorized,محص
Hnv,2,2,0,1.0,0.0,uncategorized,حنث
sqm,2,2,0,1.0,0.0,uncategorized,سقم
nzf,2,2,0,1.0,0.0,uncategorized,نزف
Snw,2,0,2,0.0,1.0,uncategorized,صنو
rss,2,2,0,1.0,0.0,uncategorized,رسس
qHm,2,2,0,1.0,0.0,uncategorized,قحم
dwl,2,0,2,0.0,1.0,uncategorized,دول
bTr,2,1,1,0.5,0.5,uncategorized,بطر
Sdy,2,1,1,0.5,0.5,uncategorized,صدي
bnn,2,1,1,0.5,0.5,uncategorized,بنن
EDD,2,1,1,0.5,0.5,uncategorized,عضض
hbw,2,2,0,1.0,0.0,uncategorized,هبو
wdq,2,1,1,0.5,0.5,uncategorized,ودق
zjj,2,0,2,0.0,1.0,uncategorized,زجج
krs,2,1,1,0.5,0.5,uncategorized,كرس
Sfd,2,2,0,1.0,0.0,uncategorized,صفد
qnE,2,1,1,0.5,0.5,uncategorized,قنع
$xS,2,2,0,1.0,0.0,uncategorized,شخص
jzE,2,2,0,1.0,0.0,uncategorized,جزع
Trw,2,2,0,1.0,0.0,uncategorized,طرو
nSt,2,2,0,1.0,0.0,uncategorized,نصت
lhv,2,2,0,1.0,0.0,uncategorized,لهث
kmm,2,1,1,0.5,0.5,uncategorized,كمم
qyD,2,2,0,1.0,0.0,uncategorized,قيض
dxn,2,2,0,1.0,0.0,uncategorized,دخن
zmr,2,2,0,1.0,0.0,uncategorized,زمر
hyj,2,1,1,0.5,0.5,uncategorized,هيج
wsm,2,2,0,1.0,0.0,uncategorized,وسم
Aml,2,2,0,1.0,0.0,uncategorized,امل
Amw,2,0,2,0.0,1.0,uncategorized,امو
EDl,2,0,2,0.0,1.0,uncategorized,عضل
jsm,2,0,2,0.0,1.0,uncategorized,جسم
Ebv,2,2,0,1.0,0.0,uncategorized,عبث
nkb,2,2,0,1.0,0.0,uncategorized,نكب
jrd,2,2,0,1.0,0.0,uncategorized,جرد
xdn,2,0,2,0.0,1.0,uncategorized,خدن
Eyy,2,2,0,1.0,0.0,uncategorized,عيي
dhr,2,1,1,0.5,0.5,time_temporal,دهر
Etl,2,2,0,1.0,0.0,uncategorized,عتل
gly,2,2,0,1.0,0.0,uncategorized,غلي
brm,2,2,0,1.0,0.0,uncategorized,برم
nEs,2,0,2,0.0,1.0,uncategorized,نعس
gvw,2,2,0,1.0,0.0,uncategorized,غثو
*bb,2,0,2,0.0,1.0,uncategorized,ذبب
ldd,2,1,1,0.5,0.5,uncategorized,لدد
zwd,2,0,2,0.0,1.0,uncategorized,زود
lmH,2,2,0,1.0,0.0,uncategorized,لمح
lbn,2,1,1,0.5,0.5,uncategorized,لبن
wSb,2,2,0,1.0,0.0,uncategorized,وصب
mxr,2,2,0,1.0,0.0,uncategorized,مخر
TEn,2,0,2,0.0,1.0,uncategorized,طعن
gwT,2,0,2,0.0,1.0,uncategorized,غوط
vEb,2,2,0,1.0,0.0,uncategorized,ثعب
rks,2,0,2,0.0,1.0,uncategorized,ركس
qwt,2,1,1,0.5,0.5,uncategorized,قوت
shw,2,2,0,1.0,0.0,uncategorized,سهو
$Eb,2,1,1,0.5,0.5,uncategorized,شعب
mHn,2,0,2,0.0,1.0,uncategorized,محن
Dgn,2,0,2,0.0,1.0,uncategorized,ضغن
nHl,2,1,1,0.5,0.5,uncategorized,نحل
xwr,2,2,0,1.0,0.0,uncategorized,خور
rfv,2,0,2,0.0,1.0,uncategorized,رفث
qsTs,2,2,0,1.0,0.0,uncategorized,قسطس
klw,2,2,0,1.0,0.0,uncategorized,كلو
HZr,2,2,0,1.0,0.0,uncategorized,حظر
Avv,2,2,0,1.0,0.0,uncategorized,اثث
HTT,2,1,1,0.5,0.5,uncategorized,حطط
ETl,2,1,1,0.5,0.5,uncategorized,عطل
Err,2,0,2,0.0,1.0,uncategorized,عرر
sHq,2,1,1,0.5,0.5,uncategorized,سحق
jll,2,0,2,0.0,1.0,uncategorized,جلل
$yd,2,0,2,0.0,1.0,uncategorized,شيد
xSf,2,2,0,1.0,0.0,uncategorized,خصف
qyl,2,2,0,1.0,0.0,uncategorized,قيل
mlq,2,2,0,1.0,0.0,uncategorized,ملق
ksl,2,0,2,0.0,1.0,uncategorized,كسل
Hw*,2,0,2,0.0,1.0,uncategorized,حوذ
A$r,2,2,0,1.0,0.0,uncategorized,اشر
khn,2,2,0,1.0,0.0,uncategorized,كهن
Etq,2,0,2,0.0,1.0,uncategorized,عتق
Shr,2,1,1,0.5,0.5,uncategorized,صهر
jnf,2,0,2,0.0,1.0,uncategorized,جنف
nbE,2,2,0,1.0,0.0,uncategorized,نبع
$kl,2,2,0,1.0,0.0,uncategorized,شكل
twr,2,2,0,1.0,0.0,uncategorized,تور
jlb,2,1,1,0.5,0.5,uncategorized,جلب
rft,2,2,0,1.0,0.0,uncategorized,رفت
xrb,2,0,2,0.0,1.0,uncategorized,خرب
rqd,2,2,0,1.0,0.0,uncategorized,رقد
Hwy,2,2,0,1.0,0.0,uncategorized,حوي
Zfr,2,1,1,0.5,0.5,uncategorized,ظفر
Sgw,2,1,1,0.5,0.5,uncategorized,صغو
wjf,2,1,1,0.5,0.5,uncategorized,وجف
bss,2,2,0,1.0,0.0,uncategorized,بسس
rjj,2,2,0,1.0,0.0,uncategorized,رجج
Tmv,2,0,2,0.0,1.0,uncategorized,طمث
glw,2,0,2,0.0,1.0,uncategorized,غلو
grw,2,0,2,0.0,1.0,uncategorized,غرو
Ehn,2,2,0,1.0,0.0,uncategorized,عهن
qTf,2,1,1,0.5,0.5,uncategorized,قطف
jrz,2,2,0,1.0,0.0,uncategorized,جرز
bxE,2,2,0,1.0,0.0,uncategorized,بخع
gwS,2,2,0,1.0,0.0,uncategorized,غوص
zHzH,2,0,2,0.0,1.0,uncategorized,زحزح
wbq,2,2,0,1.0,0.0,uncategorized,وبق
lbd,2,2,0,1.0,0.0,uncategorized,لبد
HTb,2,2,0,1.0,0.0,uncategorized,حطب
xmS,2,0,2,0.0,1.0,uncategorized,خمص
zlm,2,0,2,0.0,1.0,uncategorized,زلم
qdw,2,2,0,1.0,0.0,uncategorized,قدو
bsl,2,2,0,1.0,0.0,uncategorized,بسل
rTb,2,2,0,1.0,0.0,uncategorized,رطب
EDd,2,2,0,1.0,0.0,uncategorized,عضد
gdr,2,2,0,1.0,0.0,uncategorized,غدر
h$m,2,2,0,1.0,0.0,uncategorized,هشم
zlq,2,2,0,1.0,0.0,uncategorized,زلق
Hff,2,2,0,1.0,0.0,uncategorized,حفف
$wy,2,2,0,1.0,0.0,uncategorized,شوي
hmn,2,0,2,0.0,1.0,uncategorized,همن
nf$,2,2,0,1.0,0.0,uncategorized,نفش
xrdl,2,2,0,1.0,0.0,uncategorized,خردل
Azr,2,1,1,0.5,0.5,uncategorized,ازر
Dmm,2,2,0,1.0,0.0,uncategorized,ضمم
Arb,2,1,1,0.5,0.5,uncategorized,ارب
Hbs,2,1,1,0.5,0.5,uncategorized,حبس
Azz,2,2,0,1.0,0.0,uncategorized,ازز
Evr,2,1,1,0.5,0.5,uncategorized,عثر
jny,2,1,1,0.5,0.5,uncategorized,جني
fkk,2,1,1,0.5,0.5,uncategorized,فكك
wsq,2,2,0,1.0,0.0,uncategorized,وسق
qrTs,2,2,0,1.0,0.0,uncategorized,قرطس
nfv,1,1,0,1.0,0.0,uncategorized,نفث
THw,1,1,0,1.0,0.0,uncategorized,طحو
lhm,1,1,0,1.0,0.0,uncategorized,لهم
dsw,1,1,0,1.0,0.0,uncategorized,دسو
dmdm,1,1,0,1.0,0.0,uncategorized,دمدم
lZy,1,1,0,1.0,0.0,uncategorized,لظي
sjw,1,1,0,1.0,0.0,uncategorized,سجو
tyn,1,1,0,1.0,0.0,uncategorized,تين
sfE,1,1,0,1.0,0.0,uncategorized,سفع
zbn,1,1,0,1.0,0.0,uncategorized,زبن
DbH,1,1,0,1.0,0.0,uncategorized,ضبح
wH$,1,1,0,1.0,0.0,uncategorized,وحش
kdr,1,1,0,1.0,0.0,uncategorized,كدر
Sxx,1,1,0,1.0,0.0,uncategorized,صخخ
Abb,1,1,0,1.0,0.0,uncategorized,ابب
qDb,1,1,0,1.0,0.0,uncategorized,قضب
Tmm,1,1,0,1.0,0.0,uncategorized,طمم
dHw,1,1,0,1.0,0.0,uncategorized,دحو
nhj,1,0,1,0.0,1.0,uncategorized,نهج
nfy,1,0,1,0.0,1.0,uncategorized,نفي
syb,1,0,1,0.0,1.0,uncategorized,سيب
rmH,1,0,1,0.0,1.0,uncategorized,رمح
qss,1,0,1,0.0,1.0,uncategorized,قسس
gT$,1,1,0,1.0,0.0,uncategorized,غطش
smk,1,1,0,1.0,0.0,uncategorized,سمك
shr,1,1,0,1.0,0.0,uncategorized,سهر
nxr,1,1,0,1.0,0.0,uncategorized,نخر
wny,1,1,0,1.0,0.0,uncategorized,وني
sHl,1,1,0,1.0,0.0,uncategorized,سحل
w$y,1,0,1,0.0,1.0,uncategorized,وشي
fqE,1,0,1,0.0,1.0,uncategorized,فقع
h$$,1,1,0,1.0,0.0,uncategorized,هشش
nEl,1,1,0,1.0,0.0,uncategorized,نعل
xlE,1,1,0,1.0,0.0,uncategorized,خلع
vry,1,1,0,1.0,0.0,uncategorized,ثري
rkz,1,1,0,1.0,0.0,uncategorized,ركز
hdd,1,1,0,1.0,0.0,uncategorized,هدد
Add,1,1,0,1.0,0.0,uncategorized,ادد
wfd,1,1,0,1.0,0.0,uncategorized,وفد
Ddd,1,1,0,1.0,0.0,uncategorized,ضدد
Htm,1,1,0,1.0,0.0,uncategorized,حتم
Syf,1,1,0,1.0,0.0,uncategorized,صيف
sgb,1,1,0,1.0,0.0,uncategorized,سغب
zhr,1,1,0,1.0,0.0,uncategorized,زهر
Dnk,1,1,0,1.0,0.0,uncategorized,ضنك
mxD,1,1,0,1.0,0.0,uncategorized,مخض
Hnn,1,1,0,1.0,0.0,uncategorized,حنن
$El,1,1,0,1.0,0.0,uncategorized,شعل
rdm,1,1,0,1.0,0.0,uncategorized,ردم
gSb,1,1,0,1.0,0.0,uncategorized,غصب
Eyb,1,1,0,1.0,0.0,uncategorized,عيب
qDD,1,1,0,1.0,0.0,uncategorized,قضض
wAl,1,1,0,1.0,0.0,uncategorized,وال
Enw,1,1,0,1.0,0.0,uncategorized,عنو
hms,1,1,0,1.0,0.0,uncategorized,همس
Amt,1,1,0,1.0,0.0,uncategorized,امت
SfSf,1,1,0,1.0,0.0,uncategorized,صفصف
zrq,1,1,0,1.0,0.0,uncategorized,زرق
lHy,1,1,0,1.0,0.0,uncategorized,لحي
bql,1,0,1,0.0,1.0,uncategorized,بقل
mjs,1,0,1,0.0,1.0,uncategorized,مجس
ETf,1,0,1,0.0,1.0,uncategorized,عطف
hmd,1,0,1,0.0,1.0,uncategorized,همد
*hl,1,0,1,0.0,1.0,uncategorized,ذهل
Hdb,1,1,0,1.0,0.0,uncategorized,حدب
nwn,1,1,0,1.0,0.0,uncategorized,نون
byd,1,1,0,1.0,0.0,uncategorized,بيد
srdq,1,1,0,1.0,0.0,uncategorized,سردق
fhm,1,1,0,1.0,0.0,knowledge_wisdom,فهم
nfH,1,1,0,1.0,0.0,uncategorized,نفح
klA,1,1,0,1.0,0.0,uncategorized,كلا
ftq,1,1,0,1.0,0.0,uncategorized,فتق
rtq,1,1,0,1.0,0.0,uncategorized,رتق
dmg,1,1,0,1.0,0.0,uncategorized,دمغ
qSm,1,1,0,1.0,0.0,uncategorized,قصم
Dmr,1,0,1,0.0,1.0,uncategorized,ضمر
qmE,1,0,1,0.0,1.0,uncategorized,قمع
hjd,1,1,0,1.0,0.0,uncategorized,هجد
dlk,1,1,0,1.0,0.0,uncategorized,دلك
qSf,1,1,0,1.0,0.0,uncategorized,قصف
wfr,1,1,0,1.0,0.0,uncategorized,وفر
Hnk,1,1,0,1.0,0.0,uncategorized,حنك
ngD,1,1,0,1.0,0.0,uncategorized,نغض
yqZ,1,1,0,1.0,0.0,uncategorized,يقظ
fjw,1,1,0,1.0,0.0,uncategorized,فجو
xbw,1,1,0,1.0,0.0,uncategorized,خبو
nEq,1,0,1,0.0,1.0,uncategorized,نعق
bSl,1,0,1,0.0,1.0,uncategorized,بصل
Eds,1,0,1,0.0,1.0,uncategorized,عدس
fwm,1,0,1,0.0,1.0,uncategorized,فوم
qvA,1,0,1,0.0,1.0,uncategorized,قثا
wbr,1,1,0,1.0,0.0,uncategorized,وبر
Swf,1,1,0,1.0,0.0,uncategorized,صوف
ZEn,1,1,0,1.0,0.0,uncategorized,ظعن
jww,1,1,0,1.0,0.0,uncategorized,جوو
Hfd,1,1,0,1.0,0.0,uncategorized,حفد
frv,1,1,0,1.0,0.0,uncategorized,فرث
dss,1,1,0,1.0,0.0,uncategorized,دسس
jws,1,1,0,1.0,0.0,uncategorized,جوس
gzl,1,1,0,1.0,0.0,uncategorized,غزل
wkd,1,1,0,1.0,0.0,uncategorized,وكد
bAr,1,0,1,0.0,1.0,uncategorized,بار
SmE,1,0,1,0.0,1.0,uncategorized,صمع
hdm,1,0,1,0.0,1.0,uncategorized,هدم
wjb,1,0,1,0.0,1.0,uncategorized,وجب
tfv,1,0,1,0.0,1.0,uncategorized,تفث
Emq,1,0,1,0.0,1.0,uncategorized,عمق
Aym,1,0,1,0.0,1.0,uncategorized,ايم
fSm,1,0,1,0.0,1.0,uncategorized,فصم
Awd,1,0,1,0.0,1.0,uncategorized,اود
wsn,1,0,1,0.0,1.0,uncategorized,وسن
jvv,1,1,0,1.0,0.0,uncategorized,جثث
frE,1,1,0,1.0,0.0,uncategorized,فرع
rmd,1,1,0,1.0,0.0,uncategorized,رمد
bgl,1,1,0,1.0,0.0,uncategorized,بغل
dfA,1,1,0,1.0,0.0,uncategorized,دفا
EDw,1,1,0,1.0,0.0,uncategorized,عضو
fDH,1,1,0,1.0,0.0,uncategorized,فضح
lqH,1,1,0,1.0,0.0,uncategorized,لقح
klH,1,1,0,1.0,0.0,uncategorized,كلح
lfH,1,1,0,1.0,0.0,uncategorized,لفح
slb,1,0,1,0.0,1.0,uncategorized,سلب
sTw,1,0,1,0.0,1.0,uncategorized,سطو
snh,1,0,1,0.0,1.0,uncategorized,سنه
SwE,1,1,0,1.0,0.0,uncategorized,صوع
myr,1,1,0,1.0,0.0,uncategorized,مير
HSHS,1,1,0,1.0,0.0,uncategorized,حصحص
xbz,1,1,0,1.0,0.0,uncategorized,خبز
jrE,1,1,0,1.0,0.0,uncategorized,جرع
jfA,1,0,1,0.0,1.0,uncategorized,جفا
mHl,1,0,1,0.0,1.0,uncategorized,محل
fnd,1,1,0,1.0,0.0,uncategorized,فند
vrb,1,1,0,1.0,0.0,uncategorized,ثرب
ftA,1,1,0,1.0,0.0,uncategorized,فتا
fsr,1,1,0,1.0,0.0,uncategorized,فسر
fln,1,1,0,1.0,0.0,uncategorized,فلن
lw*,1,0,1,0.0,1.0,uncategorized,لوذ
Hyf,1,0,1,0.0,1.0,uncategorized,حيف
*En,1,0,1,0.0,1.0,uncategorized,ذعن
j*w,1,1,0,1.0,0.0,uncategorized,جذو
*wd,1,1,0,1.0,0.0,uncategorized,ذود
wkz,1,1,0,1.0,0.0,uncategorized,وكز
tqn,1,1,0,1.0,0.0,uncategorized,تقن
jmd,1,1,0,1.0,0.0,uncategorized,جمد
Efr,1,1,0,1.0,0.0,uncategorized,عفر
xbA,1,1,0,1.0,0.0,uncategorized,خبا
hdhd,1,1,0,1.0,0.0,uncategorized,هدهد
bsm,1,1,0,1.0,0.0,uncategorized,بسم
frh,1,1,0,1.0,0.0,uncategorized,فره
ryE,1,1,0,1.0,0.0,uncategorized,ريع
kbkb,1,1,0,1.0,0.0,uncategorized,كبكب
Twd,1,1,0,1.0,0.0,uncategorized,طود
$r*m,1,1,0,1.0,0.0,uncategorized,شرذم
Dyr,1,1,0,1.0,0.0,uncategorized,ضير
EbA,1,1,0,1.0,0.0,uncategorized,عبا
qbH,1,1,0,1.0,0.0,uncategorized,قبح
rdA,1,1,0,1.0,0.0,uncategorized,ردا
TrH,1,1,0,1.0,0.0,uncategorized,طرح
xbT,1,0,1,0.0,1.0,uncategorized,خبط
lHf,1,0,1,0.0,1.0,uncategorized,لحف
gmD,1,0,1,0.0,1.0,uncategorized,غمض
Tll,1,0,1,0.0,1.0,uncategorized,طلل
Sld,1,0,1,0.0,1.0,uncategorized,صلد
$gf,1,1,0,1.0,0.0,uncategorized,شغف
hyt,1,1,0,1.0,0.0,uncategorized,هيت
glq,1,1,0,1.0,0.0,uncategorized,غلق
zhd,1,1,0,1.0,0.0,uncategorized,زهد
drhm,1,1,0,1.0,0.0,uncategorized,درهم
rtE,1,1,0,1.0,0.0,uncategorized,رتع
fSH,1,1,0,1.0,0.0,uncategorized,فصح
bqE,1,1,0,1.0,0.0,uncategorized,بقع
Avl,1,1,0,1.0,0.0,uncategorized,اثل
xmT,1,1,0,1.0,0.0,uncategorized,خمط
Erm,1,1,0,1.0,0.0,uncategorized,عرم
jfn,1,1,0,1.0,0.0,uncategorized,جفن
srd,1,1,0,1.0,0.0,uncategorized,سرد
SyS,1,0,1,0.0,1.0,uncategorized,صيص
nHb,1,0,1,0.0,1.0,uncategorized,نحب
slq,1,0,1,0.0,1.0,uncategorized,سلق
Ewq,1,0,1,0.0,1.0,uncategorized,عوق
jwf,1,0,1,0.0,1.0,uncategorized,جوف
jfw,1,1,0,1.0,0.0,uncategorized,جفو
xtr,1,1,0,1.0,0.0,uncategorized,ختر
SEr,1,1,0,1.0,0.0,uncategorized,صعر
msw,1,1,0,1.0,0.0,uncategorized,مسو
xTT,1,1,0,1.0,0.0,uncategorized,خطط
nwA,1,1,0,1.0,0.0,uncategorized,نوا
jrf,1,0,1,0.0,1.0,uncategorized,جرف
jmH,1,0,1,0.0,1.0,uncategorized,جمح
vbT,1,0,1,0.0,1.0,uncategorized,ثبط
jbh,1,0,1,0.0,1.0,uncategorized,جبه
kwy,1,0,1,0.0,1.0,uncategorized,كوي
dnr,1,0,1,0.0,1.0,uncategorized,دنر
rmz,1,0,1,0.0,1.0,uncategorized,رمز
zry,1,1,0,1.0,0.0,uncategorized,زري
rwE,1,1,0,1.0,0.0,uncategorized,روع
Hn*,1,1,0,1.0,0.0,uncategorized,حنذ
qlE,1,1,0,1.0,0.0,uncategorized,قلع
blE,1,1,0,1.0,0.0,uncategorized,بلع
bhl,1,0,1,0.0,1.0,uncategorized,بهل
*xr,1,0,1,0.0,1.0,uncategorized,ذخر
qTmr,1,1,0,1.0,0.0,uncategorized,قطمر
nw$,1,1,0,1.0,0.0,uncategorized,نوش
nwS,1,1,0,1.0,0.0,uncategorized,نوص
lwt,1,1,0,1.0,0.0,uncategorized,لوت
swH,1,1,0,1.0,0.0,uncategorized,سوح
lqm,1,1,0,1.0,0.0,uncategorized,لقم
shm,1,1,0,1.0,0.0,uncategorized,سهم
Abq,1,1,0,1.0,0.0,uncategorized,ابق
jbn,1,1,0,1.0,0.0,uncategorized,جبن
tll,1,1,0,1.0,0.0,uncategorized,تلل
zff,1,1,0,1.0,0.0,uncategorized,زفف
$wb,1,1,0,1.0,0.0,uncategorized,شوب
gwl,1,1,0,1.0,0.0,uncategorized,غول
lzb,1,1,0,1.0,0.0,uncategorized,لزب
msx,1,1,0,1.0,0.0,uncategorized,مسخ
Erjn,1,1,0,1.0,0.0,uncategorized,عرجن
qmH,1,1,0,1.0,0.0,uncategorized,قمح
rbH,1,0,1,0.0,1.0,uncategorized,ربح
$mz,1,1,0,1.0,0.0,uncategorized,شمز
$ks,1,1,0,1.0,0.0,uncategorized,شكس
q$Er,1,1,0,1.0,0.0,uncategorized,قشعر
mkw,1,0,1,0.0,1.0,uncategorized,مكو
Hwz,1,0,1,0.0,1.0,uncategorized,حوز
zHf,1,0,1,0.0,1.0,uncategorized,زحف
$wk,1,0,1,0.0,1.0,uncategorized,شوك
DhA,1,0,1,0.0,1.0,uncategorized,ضها
njs,1,0,1,0.0,1.0,uncategorized,نجس
wTn,1,0,1,0.0,1.0,uncategorized,وطن
ksd,1,0,1,0.0,1.0,uncategorized,كسد
$rd,1,0,1,0.0,1.0,uncategorized,شرد
rxw,1,1,0,1.0,0.0,uncategorized,رخو
jwd,1,1,0,1.0,0.0,uncategorized,جود
Sfn,1,1,0,1.0,0.0,uncategorized,صفن
qTT,1,1,0,1.0,0.0,uncategorized,قطط
mEy,1,0,1,0.0,1.0,uncategorized,معي
Esl,1,0,1,0.0,1.0,uncategorized,عسل
Asn,1,0,1,0.0,1.0,uncategorized,اسن
tEs,1,0,1,0.0,1.0,uncategorized,تعس
Hqf,1,1,0,1.0,0.0,uncategorized,حقف
rhw,1,1,0,1.0,0.0,uncategorized,رهو
rkd,1,1,0,1.0,0.0,uncategorized,ركد
fZZ,1,0,1,0.0,1.0,uncategorized,فظظ
gzw,1,0,1,0.0,1.0,uncategorized,غزو
Smt,1,1,0,1.0,0.0,uncategorized,صمت
ntq,1,1,0,1.0,0.0,uncategorized,نتق
bjs,1,1,0,1.0,0.0,uncategorized,بجس
skt,1,1,0,1.0,0.0,uncategorized,سكت
$mt,1,1,0,1.0,0.0,uncategorized,شمت
bdr,1,0,1,0.0,1.0,uncategorized,بدر
fwD,1,1,0,1.0,0.0,uncategorized,فوض
lfZ,1,1,0,1.0,0.0,uncategorized,لفظ
bsq,1,1,0,1.0,0.0,uncategorized,بسق
lyt,1,0,1,0.0,1.0,uncategorized,ليت
jss,1,0,1,0.0,1.0,uncategorized,جسس
lqb,1,0,1,0.0,1.0,uncategorized,لقب
nbz,1,0,1,0.0,1.0,uncategorized,نبز
lHn,1,0,1,0.0,1.0,uncategorized,لحن
Ewl,1,0,1,0.0,1.0,uncategorized,عول
Hwb,1,0,1,0.0,1.0,uncategorized,حوب
jrr,1,1,0,1.0,0.0,uncategorized,جرر
DfdE,1,1,0,1.0,0.0,uncategorized,ضفدع
qml,1,1,0,1.0,0.0,uncategorized,قمل
fDw,1,0,1,0.0,1.0,uncategorized,فضو
nDj,1,0,1,0.0,1.0,uncategorized,نضج
qfl,1,0,1,0.0,1.0,uncategorized,قفل
$rT,1,0,1,0.0,1.0,uncategorized,شرط
qny,1,1,0,1.0,0.0,uncategorized,قني
kdy,1,1,0,1.0,0.0,uncategorized,كدي
Dyz,1,1,0,1.0,0.0,uncategorized,ضيز
qws,1,1,0,1.0,0.0,uncategorized,قوس
qwb,1,1,0,1.0,0.0,uncategorized,قوب
Alt,1,1,0,1.0,0.0,uncategorized,الت
jbt,1,0,1,0.0,1.0,uncategorized,جبت
shl,1,1,0,1.0,0.0,uncategorized,سهل
nkd,1,1,0,1.0,0.0,uncategorized,نكد
Hvv,1,1,0,1.0,0.0,uncategorized,حثث
nbT,1,0,1,0.0,1.0,uncategorized,نبط
rqq,1,1,0,1.0,0.0,uncategorized,رقق
Skk,1,1,0,1.0,0.0,uncategorized,صكك
hjE,1,1,0,1.0,0.0,uncategorized,هجع
Hbk,1,1,0,1.0,0.0,uncategorized,حبك
Hyd,1,1,0,1.0,0.0,uncategorized,حيد
fnn,1,0,1,0.0,1.0,uncategorized,فنن
$wZ,1,0,1,0.0,1.0,uncategorized,شوظ
fny,1,0,1,0.0,1.0,uncategorized,فني
*yE,1,0,1,0.0,1.0,uncategorized,ذيع
bTA,1,0,1,0.0,1.0,uncategorized,بطا
vby,1,0,1,0.0,1.0,uncategorized,ثبي
ry$,1,1,0,1.0,0.0,uncategorized,ريش
*Am,1,1,0,1.0,0.0,uncategorized,ذام
*b*b,1,0,1,0.0,1.0,uncategorized,ذبذب
btk,1,0,1,0.0,1.0,uncategorized,بتك
Anm,1,0,1,0.0,1.0,uncategorized,انم
dhy,1,1,0,1.0,0.0,uncategorized,دهي
qEr,1,1,0,1.0,0.0,uncategorized,قعر
dsr,1,1,0,1.0,0.0,uncategorized,دسر
hmr,1,1,0,1.0,0.0,uncategorized,همر
smd,1,1,0,1.0,0.0,uncategorized,سمد
vyb,1,0,1,0.0,1.0,uncategorized,ثيب
gbn,1,0,1,0.0,1.0,uncategorized,غبن
snd,1,0,1,0.0,1.0,uncategorized,سند
x$b,1,0,1,0.0,1.0,uncategorized,خشب
rSS,1,0,1,0.0,1.0,uncategorized,رصص
jls,1,0,1,0.0,1.0,uncategorized,جلس
mzn,1,1,0,1.0,0.0,uncategorized,مزن
skb,1,1,0,1.0,0.0,uncategorized,سكب
TlH,1,1,0,1.0,0.0,uncategorized,طلح
xDd,1,1,0,1.0,0.0,uncategorized,خضد
wDn,1,1,0,1.0,0.0,uncategorized,وضن
Ebqr,1,0,1,0.0,1.0,uncategorized,عبقر
rfrf,1,0,1,0.0,1.0,uncategorized,رفرف
xym,1,0,1,0.0,1.0,uncategorized,خيم
nDx,1,0,1,0.0,1.0,uncategorized,نضخ
dhm,1,0,1,0.0,1.0,uncategorized,دهم
wtn,1,1,0,1.0,0.0,uncategorized,وتن
why,1,1,0,1.0,0.0,uncategorized,وهي
SrE,1,1,0,1.0,0.0,uncategorized,صرع
Hsm,1,1,0,1.0,0.0,uncategorized,حسم
Hrd,1,1,0,1.0,0.0,uncategorized,حرد
rgm,1,0,1,0.0,1.0,uncategorized,رغم
$Hm,1,1,0,1.0,0.0,uncategorized,شحم
mEz,1,1,0,1.0,0.0,uncategorized,معز
DAn,1,1,0,1.0,0.0,uncategorized,ضان
*kw,1,0,1,0.0,1.0,uncategorized,ذكو
nTH,1,0,1,0.0,1.0,uncategorized,نطح
wq*,1,0,1,0.0,1.0,uncategorized,وقذ
xnq,1,0,1,0.0,1.0,uncategorized,خنق
xrTm,1,1,0,1.0,0.0,uncategorized,خرطم
znm,1,1,0,1.0,0.0,uncategorized,زنم
nmm,1,1,0,1.0,0.0,uncategorized,نمم
gSS,1,1,0,1.0,0.0,uncategorized,غصص
zml,1,1,0,1.0,0.0,uncategorized,زمل
gdq,1,1,0,1.0,0.0,uncategorized,غدق
Hyr,1,1,0,1.0,0.0,uncategorized,حير
ynE,1,1,0,1.0,0.0,uncategorized,ينع
qnw,1,1,0,1.0,0.0,uncategorized,قنو
nwy,1,1,0,1.0,0.0,uncategorized,نوي
bHv,1,0,1,0.0,1.0,uncategorized,بحث
tyh,1,0,1,0.0,1.0,uncategorized,تيه
Hry,1,1,0,1.0,0.0,uncategorized,حري
hrb,1,1,0,1.0,0.0,uncategorized,هرب
Hrs,1,1,0,1.0,0.0,uncategorized,حرس
nsr,1,1,0,1.0,0.0,uncategorized,نسر
wfD,1,1,0,1.0,0.0,uncategorized,وفض
Ezw,1,1,0,1.0,0.0,uncategorized,عزو
hlE,1,1,0,1.0,0.0,uncategorized,هلع
dhq,1,1,0,1.0,0.0,uncategorized,دهق
vjj,1,1,0,1.0,0.0,uncategorized,ثجج
whj,1,1,0,1.0,0.0,uncategorized,وهج
$mx,1,1,0,1.0,0.0,uncategorized,شمخ
kft,1,1,0,1.0,0.0,uncategorized,كفت
zmhr,1,0,1,0.0,1.0,uncategorized,زمهر
qmTr,1,0,1,0.0,1.0,uncategorized,قمطر
m$j,1,0,1,0.0,1.0,uncategorized,مشج
sdy,1,1,0,1.0,0.0,uncategorized,سدي
mTw,1,1,0,1.0,0.0,uncategorized,مطو
trq,1,1,0,1.0,0.0,uncategorized,ترق
Hrk,1,1,0,1.0,0.0,uncategorized,حرك
qsr,1,1,0,1.0,0.0,uncategorized,قسر
dvr,1,1,0,1.0,0.0,uncategorized,دثر
hyl,1,1,0,1.0,0.0,uncategorized,هيل
kvb,1,1,0,1.0,0.0,uncategorized,كثب
qdH,1,1,0,1.0,0.0,uncategorized,قدح
wqb,1,1,0,1.0,0.0,uncategorized,وقب
kfA,1,1,0,1.0,0.0,uncategorized,كفا
Smd,1,1,0,1.0,0.0,uncategorized,صمد
msd,1,1,0,1.0,0.0,uncategorized,مسد
jyd,1,1,0,1.0,0.0,uncategorized,جيد
btr,1,1,0,1.0,0.0,uncategorized,بتر
nHr,1,1,0,1.0,0.0,uncategorized,نحر
mEn,1,1,0,1.0,0.0,uncategorized,معن
ryn,1,1,0,1.0,0.0,uncategorized,رين
Tff,1,1,0,1.0,0.0,uncategorized,طفف
Dnn,1,1,0,1.0,0.0,uncategorized,ضنن
EsEs,1,1,0,1.0,0.0,uncategorized,عسعس
kns,1,1,0,1.0,0.0,uncategorized,كنس
k$T,1,1,0,1.0,0.0,uncategorized,كشط
wAd,1,1,0,1.0,0.0,uncategorized,واد
njd,1,1,0,1.0,0.0,uncategorized,نجد
$fh,1,1,0,1.0,0.0,uncategorized,شفه
kbd,1,1,0,1.0,0.0,uncategorized,كبد
jmm,1,1,0,1.0,0.0,uncategorized,جمم
swT,1,1,0,1.0,0.0,uncategorized,سوط
sTH,1,1,0,1.0,0.0,uncategorized,سطح
hzl,1,1,0,1.0,0.0,uncategorized,هزل
dfq,1,1,0,1.0,0.0,uncategorized,دفق
gmz,1,1,0,1.0,0.0,uncategorized,غمز
snm,1,1,0,1.0,0.0,uncategorized,سنم
rHq,1,1,0,1.0,0.0,uncategorized,رحق
$tw,1,1,0,1.0,0.0,uncategorized,شتو
fyl,1,1,0,1.0,0.0,uncategorized,فيل
HSl,1,1,0,1.0,0.0,uncategorized,حصل
knd,1,1,0,1.0,0.0,uncategorized,كند
nqE,1,1,0,1.0,0.0,uncategorized,نقع
